ablation,case,crop_id,seed,k1_true,k2_true,noise,method,status,k1_err,k1_signed,pos_rmse,pos_mae,pos_max,seam_true,seam_est,psnr,ssim,ncc,mse,coverage_fraction,distortion_psnr,distortion_ssim,distortion_ncc,distortion_mse,distortion_coverage_fraction,time_s,iterations,pre_rmse,pre_mae,at_bound
feedback_iterations,c0_s2026_k1_m0.0080_noise_00,0,2026,-0.008,0.0,0,dcs_paper_iter_1,ok,0.006934912600324498,0.006934912600324498,13.711309200802088,7.555555555555555,16.0,0.004799486445967692,0.002152783725024654,32.21981077487577,0.964064712592698,0.946299360492376,2576116.682483005,0.9882793341177717,50.39237906681561,0.9974584240959624,0.9991824714248188,39238.166061493735,1.0,278.75,1,12.978614889287858,7.222222222222222,False
feedback_iterations,c0_s2026_k1_m0.0080_noise_00,0,2026,-0.008,0.0,0,dcs_paper_iter_10,ok,0.0033729759145019068,0.0033729759145019068,7.26483157256779,4.055555555555555,8.0,0.0026248430256069306,0.0013638778913137029,36.71893566838732,0.982666455944958,0.9809588559313476,914224.8895836576,0.9936901453206565,55.728589990350336,0.9989570834971628,0.9997608068383864,11483.852573150361,1.0,387.28,10,12.978614889287858,7.222222222222222,False
feedback_iterations,c0_s2026_k1_m0.0080_noise_00,0,2026,-0.008,0.0,0,dcs_paper_iter_2,ok,0.005945751139972876,0.005945751139972876,12.069244660154448,6.722222222222222,14.0,0.004248067221126702,0.0018125236313240288,33.134289177493336,0.9689612170470199,0.9565080020217234,2086977.1294080422,0.9897882937545046,51.45084427323623,0.9978539676403562,0.999359353349544,30751.20795511,1.0,314.51,2,12.978614889287858,7.222222222222222,False
feedback_iterations,c0_s2026_k1_m0.0080_noise_00,0,2026,-0.008,0.0,0,dcs_paper_iter_5,ok,0.0041924085906159606,0.0041924085906159606,9.140872800534726,5.111111111111111,10.0,0.0031142135234443974,0.0016002478487069417,35.10538126766454,0.9774179561109477,0.972385777158481,1325587.7461215856,0.992178163447169,54.09449321597221,0.9986069225644909,0.9996515153532843,16730.051811382997,1.0,443.7,5,12.978614889287858,7.222222222222222,False
feedback_iterations,c0_s2026_k1_m0.0080_noise_00,0,2026,-0.008,0.0,0,dcs_paper_style,ok,0.002597055028602099,0.002597055028602099,5.5677643628300215,3.1666666666666665,6.0,0.0021274187366256488,0.0011079303571138524,38.59295109173856,0.9873174043252968,0.9876330349524155,593815.457377481,0.9952032785224313,57.689346402680584,0.9992781803329702,0.9998477180710463,7311.592307664493,1.0,898.45,25,12.978614889287858,7.222222222222222,False
feedback_iterations,c0_s2026_k1_m0.0080_noise_10,0,2026,-0.008,0.0,10,dcs_paper_iter_1,ok,0.006934912600324498,0.006934912600324498,13.711309200802088,7.555555555555555,16.0,0.004799486445967692,0.002152783725024654,32.21981077487577,0.964064712592698,0.946299360492376,2576116.682483005,0.9882793341177717,50.39237906681561,0.9974584240959624,0.9991824714248188,39238.166061493735,1.0,370.27,1,12.978614889287858,7.222222222222222,False
feedback_iterations,c0_s2026_k1_m0.0080_noise_10,0,2026,-0.008,0.0,10,dcs_paper_iter_10,ok,0.0033729759145019068,0.0033729759145019068,7.26483157256779,4.055555555555555,8.0,0.0026248430256069306,0.0013638778913137029,36.71893566838732,0.982666455944958,0.9809588559313476,914224.8895836576,0.9936901453206565,55.728589990350336,0.9989570834971628,0.9997608068383864,11483.852573150361,1.0,468.85,10,12.978614889287858,7.222222222222222,False
feedback_iterations,c0_s2026_k1_m0.0080_noise_10,0,2026,-0.008,0.0,10,dcs_paper_iter_2,ok,0.005945751139972876,0.005945751139972876,12.069244660154448,6.722222222222222,14.0,0.004248067221126702,0.0018125236313240288,33.134289177493336,0.9689612170470199,0.9565080020217234,2086977.1294080422,0.9897882937545046,51.45084427323623,0.9978539676403562,0.999359353349544,30751.20795511,1.0,318.89,2,12.978614889287858,7.222222222222222,False
feedback_iterations,c0_s2026_k1_m0.0080_noise_10,0,2026,-0.008,0.0,10,dcs_paper_iter_5,ok,0.0041924085906159606,0.0041924085906159606,9.140872800534726,5.111111111111111,10.0,0.0031142135234443974,0.0016002478487069417,35.10538126766454,0.9774179561109477,0.972385777158481,1325587.7461215856,0.992178163447169,54.09449321597221,0.9986069225644909,0.9996515153532843,16730.051811382997,1.0,334.52,5,12.978614889287858,7.222222222222222,False
feedback_iterations,c0_s2026_k1_m0.0080_noise_10,0,2026,-0.008,0.0,10,dcs_paper_style,ok,0.002597055028602099,0.002597055028602099,5.5677643628300215,3.1666666666666665,6.0,0.0021274187366256488,0.0011079303571138524,38.59295109173856,0.9873174043252968,0.9876330349524155,593815.457377481,0.9952032785224313,57.689346402680584,0.9992781803329702,0.9998477180710463,7311.592307664493,1.0,1233.34,25,12.978614889287858,7.222222222222222,False
feedback_iterations,c0_s2026_k1_p0.0000_noise_00,0,2026,0.0,0.0,0,dcs_paper_iter_1,ok,4.497634159970896e-07,-4.497634159970896e-07,0.0,0.0,0.0,6.550060910326418e-10,6.550060910326418e-10,143.88477588699695,0.9999999999983691,0.999999999999647,1.755775638353969e-05,1.0,143.88477588699695,0.9999999999983691,0.999999999999647,1.755775638353969e-05,1.0,225.21,1,0.0,0.0,False
feedback_iterations,c0_s2026_k1_p0.0000_noise_00,0,2026,0.0,0.0,0,dcs_paper_iter_10,ok,8.833807704797231e-07,-8.833807704797231e-07,0.0,0.0,0.0,7.516194894599564e-08,7.516194894599564e-08,130.4712821552974,0.9999999999550382,0.9999999999919883,0.0003853171966998326,1.0,130.4712821552974,0.9999999999550382,0.9999999999919883,0.0003853171966998326,1.0,459.75,10,0.0,0.0,False
feedback_iterations,c0_s2026_k1_p0.0000_noise_00,0,2026,0.0,0.0,0,dcs_paper_iter_2,ok,7.298448073538633e-07,-7.298448073538633e-07,0.0,0.0,0.0,3.335072680174534e-08,3.335072680174534e-08,134.14422906952097,0.9999999999803018,0.9999999999965571,0.00016539550429330317,1.0,134.14422906952097,0.9999999999803018,0.9999999999965571,0.00016539550429330317,1.0,377.92,2,0.0,0.0,False
feedback_iterations,c0_s2026_k1_p0.0000_noise_00,0,2026,0.0,0.0,0,dcs_paper_iter_5,ok,9.14747233145297e-07,-9.14747233145297e-07,0.0,0.0,0.0,8.886249301676173e-08,8.886249301676173e-08,129.5808726494948,0.9999999999467134,0.999999999990164,0.00047299804159058306,1.0,129.5808726494948,0.9999999999467134,0.999999999990164,0.00047299804159058306,1.0,249.89,5,0.0,0.0,False
feedback_iterations,c0_s2026_k1_p0.0000_noise_00,0,2026,0.0,0.0,0,dcs_paper_style,ok,4.917672419540378e-07,-4.917672419540378e-07,0.0,0.0,0.0,1.4737637048234438e-09,1.4737637048234438e-09,143.17229566012776,0.9999999999978653,0.9999999999995709,2.0687930165031398e-05,1.0,143.17229566012776,0.9999999999978653,0.9999999999995709,2.0687930165031398e-05,1.0,817.7,25,0.0,0.0,False
feedback_iterations,c0_s2026_k1_p0.0000_noise_10,0,2026,0.0,0.0,10,dcs_paper_iter_1,ok,4.497634159970896e-07,-4.497634159970896e-07,0.0,0.0,0.0,6.550060910326418e-10,6.550060910326418e-10,143.88477588699695,0.9999999999983691,0.999999999999647,1.755775638353969e-05,1.0,143.88477588699695,0.9999999999983691,0.999999999999647,1.755775638353969e-05,1.0,269.95,1,0.0,0.0,False
feedback_iterations,c0_s2026_k1_p0.0000_noise_10,0,2026,0.0,0.0,10,dcs_paper_iter_10,ok,8.833807704797231e-07,-8.833807704797231e-07,0.0,0.0,0.0,7.516194894599564e-08,7.516194894599564e-08,130.4712821552974,0.9999999999550382,0.9999999999919883,0.0003853171966998326,1.0,130.4712821552974,0.9999999999550382,0.9999999999919883,0.0003853171966998326,1.0,657.11,10,0.0,0.0,False
feedback_iterations,c0_s2026_k1_p0.0000_noise_10,0,2026,0.0,0.0,10,dcs_paper_iter_2,ok,7.298448073538633e-07,-7.298448073538633e-07,0.0,0.0,0.0,3.335072680174534e-08,3.335072680174534e-08,134.14422906952097,0.9999999999803018,0.9999999999965571,0.00016539550429330317,1.0,134.14422906952097,0.9999999999803018,0.9999999999965571,0.00016539550429330317,1.0,226.19,2,0.0,0.0,False
feedback_iterations,c0_s2026_k1_p0.0000_noise_10,0,2026,0.0,0.0,10,dcs_paper_iter_5,ok,9.14747233145297e-07,-9.14747233145297e-07,0.0,0.0,0.0,8.886249301676173e-08,8.886249301676173e-08,129.5808726494948,0.9999999999467134,0.999999999990164,0.00047299804159058306,1.0,129.5808726494948,0.9999999999467134,0.999999999990164,0.00047299804159058306,1.0,353.78,5,0.0,0.0,False
feedback_iterations,c0_s2026_k1_p0.0000_noise_10,0,2026,0.0,0.0,10,dcs_paper_style,ok,4.917672419540378e-07,-4.917672419540378e-07,0.0,0.0,0.0,1.4737637048234438e-09,1.4737637048234438e-09,143.17229566012776,0.9999999999978653,0.9999999999995709,2.0687930165031398e-05,1.0,143.17229566012776,0.9999999999978653,0.9999999999995709,2.0687930165031398e-05,1.0,509.46,25,0.0,0.0,False
feedback_iterations,c0_s2026_k1_p0.0080_noise_00,0,2026,0.008,0.0,0,dcs_paper_iter_1,ok,0.006850660270212353,-0.006850660270212353,13.287420951996499,7.277777777777778,16.0,0.004605873850525444,0.0019166262749190806,33.2192721300002,0.9735613030146274,0.9574206279030371,2046536.027982851,1.0,50.775349090254245,0.9976109399250318,0.9992524608259659,35926.2343496438,1.0,223.54,1,12.556538801224908,6.944444444444445,False
feedback_iterations,c0_s2026_k1_p0.0080_noise_00,0,2026,0.008,0.0,0,dcs_paper_iter_10,ok,0.003432675491836619,-0.003432675491836619,7.2571803523590805,4.0,8.0,0.002566643005226634,0.00114292024340852,37.93893303034451,0.9863641183617206,0.9856310104311757,690324.527787856,1.0,55.897452974217785,0.9989862928677552,0.9997700789623751,11045.905161320163,1.0,336.05,10,12.556538801224908,6.944444444444445,False
feedback_iterations,c0_s2026_k1_p0.0080_noise_00,0,2026,0.008,0.0,0,dcs_paper_iter_2,ok,0.005960852029176298,-0.005960852029176298,12.004628736912737,6.611111111111111,14.0,0.004114021316273691,0.0018744550780121405,33.96797094197145,0.9763509006562276,0.9641633294064559,1722461.4598614257,1.0,51.73120470590388,0.9979493883826034,0.9994000999007684,28828.77156923599,1.0,219.59,2,12.556538801224908,6.944444444444445,False
feedback_iterations,c0_s2026_k1_p0.0080_noise_00,0,2026,0.008,0.0,0,dcs_paper_iter_5,ok,0.004218830510518639,-0.004218830510518639,8.787617550976046,4.833333333333333,10.0,0.0030196838085603393,0.0013389864028982698,36.39785210092159,0.9833320755999366,0.9795133890986705,984376.8630818143,1.0,54.34469997259328,0.9986639026667595,0.999671305364728,15793.435469938388,1.0,260.58,5,12.556538801224908,6.944444444444445,False
feedback_iterations,c0_s2026_k1_p0.0080_noise_00,0,2026,0.008,0.0,0,dcs_paper_style,ok,0.003390130054998627,-0.003390130054998627,7.086763875156433,3.888888888888889,8.0,0.0025417164209293416,0.0011818800926700146,38.034800296052836,0.9867607579911944,0.9859448831613833,675253.0864281068,1.0,55.9907416358049,0.9990035034971713,0.9997749635169664,10811.163714223194,1.0,522.81,25,12.556538801224908,6.944444444444445,False
feedback_iterations,c0_s2026_k1_p0.0080_noise_10,0,2026,0.008,0.0,10,dcs_paper_iter_1,ok,0.006850660270212353,-0.006850660270212353,13.287420951996499,7.277777777777778,16.0,0.004605873850525444,0.0019166262749190806,33.2192721300002,0.9735613030146274,0.9574206279030371,2046536.027982851,1.0,50.775349090254245,0.9976109399250318,0.9992524608259659,35926.2343496438,1.0,221.23,1,12.556538801224908,6.944444444444445,False
feedback_iterations,c0_s2026_k1_p0.0080_noise_10,0,2026,0.008,0.0,10,dcs_paper_iter_10,ok,0.003432675491836619,-0.003432675491836619,7.2571803523590805,4.0,8.0,0.002566643005226634,0.00114292024340852,37.93893303034451,0.9863641183617206,0.9856310104311757,690324.527787856,1.0,55.897452974217785,0.9989862928677552,0.9997700789623751,11045.905161320163,1.0,378.28,10,12.556538801224908,6.944444444444445,False
feedback_iterations,c0_s2026_k1_p0.0080_noise_10,0,2026,0.008,0.0,10,dcs_paper_iter_2,ok,0.005960852029176298,-0.005960852029176298,12.004628736912737,6.611111111111111,14.0,0.004114021316273691,0.0018744550780121405,33.96797094197145,0.9763509006562276,0.9641633294064559,1722461.4598614257,1.0,51.73120470590388,0.9979493883826034,0.9994000999007684,28828.77156923599,1.0,442.94,2,12.556538801224908,6.944444444444445,False
feedback_iterations,c0_s2026_k1_p0.0080_noise_10,0,2026,0.008,0.0,10,dcs_paper_iter_5,ok,0.004218830510518639,-0.004218830510518639,8.787617550976046,4.833333333333333,10.0,0.0030196838085603393,0.0013389864028982698,36.39785210092159,0.9833320755999366,0.9795133890986705,984376.8630818143,1.0,54.34469997259328,0.9986639026667595,0.999671305364728,15793.435469938388,1.0,256.21,5,12.556538801224908,6.944444444444445,False
feedback_iterations,c0_s2026_k1_p0.0080_noise_10,0,2026,0.008,0.0,10,dcs_paper_style,ok,0.003390130054998627,-0.003390130054998627,7.086763875156433,3.888888888888889,8.0,0.0025417164209293416,0.0011818800926700146,38.034800296052836,0.9867607579911944,0.9859448831613833,675253.0864281068,1.0,55.9907416358049,0.9990035034971713,0.9997749635169664,10811.163714223194,1.0,544.36,25,12.556538801224908,6.944444444444445,False
feedback_iterations,c0_s2027_k1_m0.0080_noise_10,0,2027,-0.008,0.0,10,dcs_paper_iter_1,ok,0.006934912600324498,0.006934912600324498,13.711309200802088,7.555555555555555,16.0,0.004799486445967692,0.002152783725024654,32.21981077487577,0.964064712592698,0.946299360492376,2576116.682483005,0.9882793341177717,50.39237906681561,0.9974584240959624,0.9991824714248188,39238.166061493735,1.0,248.08,1,12.978614889287858,7.222222222222222,False
feedback_iterations,c0_s2027_k1_m0.0080_noise_10,0,2027,-0.008,0.0,10,dcs_paper_iter_10,ok,0.0033729759145019068,0.0033729759145019068,7.26483157256779,4.055555555555555,8.0,0.0026248430256069306,0.0013638778913137029,36.71893566838732,0.982666455944958,0.9809588559313476,914224.8895836576,0.9936901453206565,55.728589990350336,0.9989570834971628,0.9997608068383864,11483.852573150361,1.0,382.1,10,12.978614889287858,7.222222222222222,False
feedback_iterations,c0_s2027_k1_m0.0080_noise_10,0,2027,-0.008,0.0,10,dcs_paper_iter_2,ok,0.005945751139972876,0.005945751139972876,12.069244660154448,6.722222222222222,14.0,0.004248067221126702,0.0018125236313240288,33.134289177493336,0.9689612170470199,0.9565080020217234,2086977.1294080422,0.9897882937545046,51.45084427323623,0.9978539676403562,0.999359353349544,30751.20795511,1.0,333.69,2,12.978614889287858,7.222222222222222,False
feedback_iterations,c0_s2027_k1_m0.0080_noise_10,0,2027,-0.008,0.0,10,dcs_paper_iter_5,ok,0.0041924085906159606,0.0041924085906159606,9.140872800534726,5.111111111111111,10.0,0.0031142135234443974,0.0016002478487069417,35.10538126766454,0.9774179561109477,0.972385777158481,1325587.7461215856,0.992178163447169,54.09449321597221,0.9986069225644909,0.9996515153532843,16730.051811382997,1.0,498.36,5,12.978614889287858,7.222222222222222,False
feedback_iterations,c0_s2027_k1_m0.0080_noise_10,0,2027,-0.008,0.0,10,dcs_paper_style,ok,0.002597055028602099,0.002597055028602099,5.5677643628300215,3.1666666666666665,6.0,0.0021274187366256488,0.0011079303571138524,38.59295109173856,0.9873174043252968,0.9876330349524155,593815.457377481,0.9952032785224313,57.689346402680584,0.9992781803329702,0.9998477180710463,7311.592307664493,1.0,614.15,25,12.978614889287858,7.222222222222222,False
feedback_iterations,c0_s2027_k1_p0.0000_noise_10,0,2027,0.0,0.0,10,dcs_paper_iter_1,ok,4.497634159970896e-07,-4.497634159970896e-07,0.0,0.0,0.0,6.550060910326418e-10,6.550060910326418e-10,143.88477588699695,0.9999999999983691,0.999999999999647,1.755775638353969e-05,1.0,143.88477588699695,0.9999999999983691,0.999999999999647,1.755775638353969e-05,1.0,237.52,1,0.0,0.0,False
feedback_iterations,c0_s2027_k1_p0.0000_noise_10,0,2027,0.0,0.0,10,dcs_paper_iter_10,ok,8.833807704797231e-07,-8.833807704797231e-07,0.0,0.0,0.0,7.516194894599564e-08,7.516194894599564e-08,130.4712821552974,0.9999999999550382,0.9999999999919883,0.0003853171966998326,1.0,130.4712821552974,0.9999999999550382,0.9999999999919883,0.0003853171966998326,1.0,366.25,10,0.0,0.0,False
feedback_iterations,c0_s2027_k1_p0.0000_noise_10,0,2027,0.0,0.0,10,dcs_paper_iter_2,ok,7.298448073538633e-07,-7.298448073538633e-07,0.0,0.0,0.0,3.335072680174534e-08,3.335072680174534e-08,134.14422906952097,0.9999999999803018,0.9999999999965571,0.00016539550429330317,1.0,134.14422906952097,0.9999999999803018,0.9999999999965571,0.00016539550429330317,1.0,251.22,2,0.0,0.0,False
feedback_iterations,c0_s2027_k1_p0.0000_noise_10,0,2027,0.0,0.0,10,dcs_paper_iter_5,ok,9.14747233145297e-07,-9.14747233145297e-07,0.0,0.0,0.0,8.886249301676173e-08,8.886249301676173e-08,129.5808726494948,0.9999999999467134,0.999999999990164,0.00047299804159058306,1.0,129.5808726494948,0.9999999999467134,0.999999999990164,0.00047299804159058306,1.0,297.27,5,0.0,0.0,False
feedback_iterations,c0_s2027_k1_p0.0000_noise_10,0,2027,0.0,0.0,10,dcs_paper_style,ok,4.917672419540378e-07,-4.917672419540378e-07,0.0,0.0,0.0,1.4737637048234438e-09,1.4737637048234438e-09,143.17229566012776,0.9999999999978653,0.9999999999995709,2.0687930165031398e-05,1.0,143.17229566012776,0.9999999999978653,0.9999999999995709,2.0687930165031398e-05,1.0,588.0,25,0.0,0.0,False
feedback_iterations,c0_s2027_k1_p0.0080_noise_10,0,2027,0.008,0.0,10,dcs_paper_iter_1,ok,0.006850660270212353,-0.006850660270212353,13.287420951996499,7.277777777777778,16.0,0.004605873850525444,0.0019166262749190806,33.2192721300002,0.9735613030146274,0.9574206279030371,2046536.027982851,1.0,50.775349090254245,0.9976109399250318,0.9992524608259659,35926.2343496438,1.0,242.8,1,12.556538801224908,6.944444444444445,False
feedback_iterations,c0_s2027_k1_p0.0080_noise_10,0,2027,0.008,0.0,10,dcs_paper_iter_10,ok,0.003432675491836619,-0.003432675491836619,7.2571803523590805,4.0,8.0,0.002566643005226634,0.00114292024340852,37.93893303034451,0.9863641183617206,0.9856310104311757,690324.527787856,1.0,55.897452974217785,0.9989862928677552,0.9997700789623751,11045.905161320163,1.0,392.65,10,12.556538801224908,6.944444444444445,False
feedback_iterations,c0_s2027_k1_p0.0080_noise_10,0,2027,0.008,0.0,10,dcs_paper_iter_2,ok,0.005960852029176298,-0.005960852029176298,12.004628736912737,6.611111111111111,14.0,0.004114021316273691,0.0018744550780121405,33.96797094197145,0.9763509006562276,0.9641633294064559,1722461.4598614257,1.0,51.73120470590388,0.9979493883826034,0.9994000999007684,28828.77156923599,1.0,255.73,2,12.556538801224908,6.944444444444445,False
feedback_iterations,c0_s2027_k1_p0.0080_noise_10,0,2027,0.008,0.0,10,dcs_paper_iter_5,ok,0.004218830510518639,-0.004218830510518639,8.787617550976046,4.833333333333333,10.0,0.0030196838085603393,0.0013389864028982698,36.39785210092159,0.9833320755999366,0.9795133890986705,984376.8630818143,1.0,54.34469997259328,0.9986639026667595,0.999671305364728,15793.435469938388,1.0,308.66,5,12.556538801224908,6.944444444444445,False
feedback_iterations,c0_s2027_k1_p0.0080_noise_10,0,2027,0.008,0.0,10,dcs_paper_style,ok,0.003390130054998627,-0.003390130054998627,7.086763875156433,3.888888888888889,8.0,0.0025417164209293416,0.0011818800926700146,38.034800296052836,0.9867607579911944,0.9859448831613833,675253.0864281068,1.0,55.9907416358049,0.9990035034971713,0.9997749635169664,10811.163714223194,1.0,609.52,25,12.556538801224908,6.944444444444445,False
feedback_iterations,c1_s2026_k1_m0.0080_noise_00,1,2026,-0.008,0.0,0,dcs_paper_iter_1,ok,0.007053482691863714,0.007053482691863714,14.613540144521982,8.0,17.0,0.008886073814627618,0.0038021933539340563,28.693963932413848,0.9525637217540965,0.9116150413143395,5801632.486707859,0.9879021301875974,47.670207835457234,0.9961148260383937,0.9988753111372138,73438.84264082112,1.0,246.15,1,14.247806848775006,7.833333333333333,False
feedback_iterations,c1_s2026_k1_m0.0080_noise_00,1,2026,-0.008,0.0,0,dcs_paper_iter_10,ok,0.003348012148352668,0.003348012148352668,7.695597587076797,4.277777777777778,9.0,0.004591374744862028,0.002350803310897726,32.83520687020581,0.976747377354648,0.9658618948203455,2235763.8022836023,0.9936901453206565,53.23504137629372,0.9983765050664561,0.9996877195887873,20391.185238701295,1.0,385.34,10,14.247806848775006,7.833333333333333,False
feedback_iterations,c1_s2026_k1_m0.0080_noise_00,1,2026,-0.008,0.0,0,dcs_paper_iter_2,ok,0.006322796182888072,0.006322796182888072,13.654466098842695,7.555555555555555,16.0,0.008164127083600575,0.003702345944818261,29.168697742399388,0.9561311635304401,0.9207415712936048,5200879.998619301,0.9887851989840679,48.41902181471684,0.996533574989801,0.9990534477995708,61807.962322422005,1.0,263.56,2,14.247806848775006,7.833333333333333,False
feedback_iterations,c1_s2026_k1_m0.0080_noise_00,1,2026,-0.008,0.0,0,dcs_paper_iter_5,ok,0.004494726833133371,0.004494726833133371,10.36018017861337,5.777777777777778,12.0,0.005893375820347095,0.0030793340656424645,30.964186637883046,0.967795696686652,0.9475200150949983,3439758.4305270985,0.9915470916296131,50.97187902322969,0.9976379358230784,0.9994741603951977,34336.71195055196,1.0,315.01,5,14.247806848775006,7.833333333333333,False
feedback_iterations,c1_s2026_k1_m0.0080_noise_00,1,2026,-0.008,0.0,0,dcs_paper_style,ok,0.0025289784637208155,0.0025289784637208155,5.773502691896258,3.2222222222222223,7.0,0.003618775086296616,0.001781680900448858,34.66293391022587,0.9827564864046748,0.977573383201775,1467753.8103844444,0.9953322272906252,55.354974968929255,0.9988960839602706,0.9998083360271848,12515.526111495927,1.0,610.95,25,14.247806848775006,7.833333333333333,False
feedback_iterations,c1_s2026_k1_m0.0080_noise_10,1,2026,-0.008,0.0,10,dcs_paper_iter_1,ok,0.0070485185309248,0.0070485185309248,14.487542541400487,7.944444444444445,16.0,0.008881384462270391,0.003704349752295408,28.736498919429614,0.9530774348427568,0.912471876725257,5745088.399974549,0.9880261858105697,47.67522901186548,0.9961178148384715,0.9988766109791496,73353.98402221683,1.0,263.33,1,14.487542541400487,7.944444444444445,False
feedback_iterations,c1_s2026_k1_m0.0080_noise_10,1,2026,-0.008,0.0,10,dcs_paper_iter_10,ok,0.0036122835313178456,0.0036122835313178456,7.859884081701064,4.333333333333333,10.0,0.0048883982827766445,0.0024443928729133597,32.769252975803425,0.975994086513113,0.9653420060610184,2269976.2322849515,0.9935653701175046,52.65731241895452,0.9982058874560529,0.9996432866683447,23292.460390700016,1.0,408.17,10,14.487542541400487,7.944444444444445,False
feedback_iterations,c1_s2026_k1_m0.0080_noise_10,1,2026,-0.008,0.0,10,dcs_paper_iter_2,ok,0.006263393216304441,0.006263393216304441,13.707256796634725,7.611111111111111,15.0,0.008096535749638575,0.0037477361035895707,29.11732227965398,0.955952473171949,0.9197903772330003,5262769.869135331,0.9887804497548822,48.48583746271185,0.996567456928514,0.9990678971802418,60864.332190834895,1.0,282.51,2,14.487542541400487,7.944444444444445,False
feedback_iterations,c1_s2026_k1_m0.0080_noise_10,1,2026,-0.008,0.0,10,dcs_paper_iter_5,ok,0.004777366834928826,0.004777366834928826,10.181682899534175,5.611111111111111,12.0,0.00625596131960217,0.003141973425115418,31.017082478921264,0.9683370918265762,0.9481568954157589,3398117.248246459,0.9915515530267269,50.50329251029288,0.9974596366976715,0.9994142472892713,38248.75967668039,1.0,332.76,5,14.487542541400487,7.944444444444445,False
feedback_iterations,c1_s2026_k1_m0.0080_noise_10,1,2026,-0.008,0.0,10,dcs_paper_style,ok,0.0027320694186969323,0.0027320694186969323,5.32290647422377,2.9444444444444446,6.0,0.0038655736850761457,0.0016595163729201806,35.08949109927379,0.9839153869520676,0.9796699096953154,1330446.7519460975,0.9955817776969289,54.770956905531776,0.9987692321212274,0.9997807483046507,14316.963474191034,1.0,626.84,25,14.487542541400487,7.944444444444445,False
feedback_iterations,c1_s2026_k1_p0.0000_noise_00,1,2026,0.0,0.0,0,dcs_paper_iter_1,ok,7.06288856404917e-07,-7.06288856404917e-07,0.0,0.0,0.0,1.1740984181760104e-07,1.1740984181760104e-07,131.3946728914061,0.9999999999677346,0.9999999999952314,0.0003115152545241445,1.0,131.3946728914061,0.9999999999677346,0.9999999999952314,0.0003115152545241445,1.0,263.62,1,0.0,0.0,False
feedback_iterations,c1_s2026_k1_p0.0000_noise_00,1,2026,0.0,0.0,0,dcs_paper_iter_10,ok,1.2576228594808247e-06,-1.2576228594808247e-06,0.0,0.0,0.0,7.52110744028231e-07,7.52110744028231e-07,122.01953422653703,0.9999999997205938,0.999999999958708,0.0026976970987678483,1.0,122.01953422653703,0.9999999997205938,0.999999999958708,0.0026976970987678483,1.0,388.61,10,0.0,0.0,False
feedback_iterations,c1_s2026_k1_p0.0000_noise_00,1,2026,0.0,0.0,0,dcs_paper_iter_2,ok,1.0940063924641477e-06,-1.0940063924641477e-06,0.0,0.0,0.0,5.231861152123226e-07,5.231861152123226e-07,124.0543991597726,0.9999999998260317,0.9999999999741577,0.0016885218758131257,1.0,124.0543991597726,0.9999999998260317,0.9999999999741577,0.0016885218758131257,1.0,267.34,2,0.0,0.0,False
feedback_iterations,c1_s2026_k1_p0.0000_noise_00,1,2026,0.0,0.0,0,dcs_paper_iter_5,ok,1.390731730234186e-06,-1.390731730234186e-06,0.0,0.0,0.0,9.364403748130001e-07,9.364403748130001e-07,120.50717690539909,0.9999999996102825,0.9999999999415222,0.0038214564705801083,1.0,120.50717690539909,0.9999999996102825,0.9999999999415222,0.0038214564705801083,1.0,308.88,5,0.0,0.0,False
feedback_iterations,c1_s2026_k1_p0.0000_noise_00,1,2026,0.0,0.0,0,dcs_paper_style,ok,1.0675245962478611e-06,-1.0675245962478611e-06,0.0,0.0,0.0,4.953483563434353e-07,4.953483563434353e-07,124.43823028852916,0.9999999998402788,0.9999999999763487,0.001545694204904198,1.0,124.43823028852916,0.9999999998402788,0.9999999999763487,0.001545694204904198,1.0,632.24,25,0.0,0.0,False
feedback_iterations,c1_s2026_k1_p0.0000_noise_10,1,2026,0.0,0.0,10,dcs_paper_iter_1,ok,7.06288856404917e-07,-7.06288856404917e-07,0.0,0.0,0.0,1.1740984181760104e-07,1.1740984181760104e-07,131.3946728914061,0.9999999999677346,0.9999999999952314,0.0003115152545241445,1.0,131.3946728914061,0.9999999999677346,0.9999999999952314,0.0003115152545241445,1.0,265.56,1,0.0,0.0,False
feedback_iterations,c1_s2026_k1_p0.0000_noise_10,1,2026,0.0,0.0,10,dcs_paper_iter_10,ok,1.2576228594808247e-06,-1.2576228594808247e-06,0.0,0.0,0.0,7.52110744028231e-07,7.52110744028231e-07,122.01953422653703,0.9999999997205938,0.999999999958708,0.0026976970987678483,1.0,122.01953422653703,0.9999999997205938,0.999999999958708,0.0026976970987678483,1.0,415.88,10,0.0,0.0,False
feedback_iterations,c1_s2026_k1_p0.0000_noise_10,1,2026,0.0,0.0,10,dcs_paper_iter_2,ok,1.0940063924641477e-06,-1.0940063924641477e-06,0.0,0.0,0.0,5.231861152123226e-07,5.231861152123226e-07,124.0543991597726,0.9999999998260317,0.9999999999741577,0.0016885218758131257,1.0,124.0543991597726,0.9999999998260317,0.9999999999741577,0.0016885218758131257,1.0,284.36,2,0.0,0.0,False
feedback_iterations,c1_s2026_k1_p0.0000_noise_10,1,2026,0.0,0.0,10,dcs_paper_iter_5,ok,1.390731730234186e-06,-1.390731730234186e-06,0.0,0.0,0.0,9.364403748130001e-07,9.364403748130001e-07,120.50717690539909,0.9999999996102825,0.9999999999415222,0.0038214564705801083,1.0,120.50717690539909,0.9999999996102825,0.9999999999415222,0.0038214564705801083,1.0,331.25,5,0.0,0.0,False
feedback_iterations,c1_s2026_k1_p0.0000_noise_10,1,2026,0.0,0.0,10,dcs_paper_style,ok,1.0675245962478611e-06,-1.0675245962478611e-06,0.0,0.0,0.0,4.953483563434353e-07,4.953483563434353e-07,124.43823028852916,0.9999999998402788,0.9999999999763487,0.001545694204904198,1.0,124.43823028852916,0.9999999998402788,0.9999999999763487,0.001545694204904198,1.0,653.24,25,0.0,0.0,False
feedback_iterations,c1_s2026_k1_p0.0080_noise_00,1,2026,0.008,0.0,0,dcs_paper_iter_1,ok,0.0070136466332591015,-0.0070136466332591015,14.445299120013633,8.0,16.0,0.008456809022808466,0.0038095080386429136,30.604205942565116,0.9641072116130318,0.9424470773464378,3737025.086612471,0.9998759443770278,48.0481716696995,0.9963514327516552,0.9989688910248959,67317.72654610257,1.0,246.22,1,14.204850501775011,7.888888888888889,False
feedback_iterations,c1_s2026_k1_p0.0080_noise_00,1,2026,0.008,0.0,0,dcs_paper_iter_10,ok,0.003490664172077356,-0.003490664172077356,7.702813338860896,4.333333333333333,9.0,0.00455552500607147,0.002222358733807759,35.451112261501635,0.98191013600064,0.9812053665787164,1224152.0984428918,0.9997495860974807,53.23889334190802,0.9983723125699899,0.9996879953296013,20373.10733884894,1.0,394.56,10,14.204850501775011,7.888888888888889,False
feedback_iterations,c1_s2026_k1_p0.0080_noise_00,1,2026,0.008,0.0,0,dcs_paper_iter_2,ok,0.006287692527185032,-0.006287692527185032,13.59738536958076,7.666666666666667,15.0,0.007770010682800008,0.0035997845957421986,31.049944862716814,0.966383152772151,0.9480899130747459,3372501.2651105328,0.9996255304745084,48.795300604650876,0.9967380844976796,0.9991318945606392,56678.264953101,1.0,262.99,2,14.204850501775011,7.888888888888889,False
feedback_iterations,c1_s2026_k1_p0.0080_noise_00,1,2026,0.008,0.0,0,dcs_paper_iter_5,ok,0.00452297504530654,-0.00452297504530654,10.181682899534175,5.722222222222222,11.0,0.005672728667255089,0.0029782933091980234,33.282326761677375,0.9757420599069255,0.968998861248914,2017037.3088171096,0.9997495860974807,51.24937105942454,0.9977401912115568,0.9995066760673235,32211.392632898544,1.0,314.27,5,14.204850501775011,7.888888888888889,False
feedback_iterations,c1_s2026_k1_p0.0080_noise_00,1,2026,0.008,0.0,0,dcs_paper_style,ok,0.003451685610125049,-0.003451685610125049,7.593857166596345,4.277777777777778,9.0,0.004513825899136468,0.002248910857032204,35.58568240397912,0.9821910062081693,0.9817802578796772,1186802.2667500556,0.9997495860974807,53.32404208764408,0.998396303917012,0.9996940531065766,19977.55793361614,1.0,631.38,25,14.204850501775011,7.888888888888889,False
feedback_iterations,c1_s2026_k1_p0.0080_noise_10,1,2026,0.008,0.0,10,dcs_paper_iter_1,ok,0.0071469960757185955,-0.0071469960757185955,14.313940369055926,7.888888888888889,16.0,0.008576989158304248,0.003819456991276053,30.692005755555765,0.9646302598675873,0.9435916781632635,3662233.5083110747,0.9998759443770278,47.912748958835714,0.9962761915798756,0.9989362253180731,69449.91389779709,1.0,261.13,1,14.071247279470288,7.777777777777778,False
feedback_iterations,c1_s2026_k1_p0.0080_noise_10,1,2026,0.008,0.0,10,dcs_paper_iter_10,ok,0.0036125659762874882,-0.0036125659762874882,7.302967433402215,4.0,8.0,0.004684903610438987,0.002004661291102339,35.93321584224862,0.9828896897229551,0.9831810310976863,1095531.8881901475,1.0,52.9780188302166,0.9982971742408672,0.9996686786516704,21634.39349219421,1.0,401.8,10,14.071247279470288,7.777777777777778,False
feedback_iterations,c1_s2026_k1_p0.0080_noise_10,1,2026,0.008,0.0,10,dcs_paper_iter_2,ok,0.00636061285370856,-0.00636061285370856,13.527749258468683,7.5,15.0,0.007847663128655633,0.003798945731603062,31.13355528944865,0.9668518921171998,0.9490708751921222,3308194.829876285,0.9998758004609919,48.71452697576261,0.9966994978158558,0.9991155925636602,57742.27755450604,1.0,277.56,2,14.071247279470288,7.777777777777778,False
feedback_iterations,c1_s2026_k1_p0.0080_noise_10,1,2026,0.008,0.0,10,dcs_paper_iter_5,ok,0.004835960226514021,-0.004835960226514021,10.295630140987,5.666666666666667,12.0,0.006057835732192708,0.0030960942574155778,33.21545219081691,0.9753843112906451,0.9685110617764755,2048336.8987268582,1.0,50.73641950396798,0.9975538132330448,0.9994448219682546,36249.72006595024,1.0,334.08,5,14.071247279470288,7.777777777777778,False
feedback_iterations,c1_s2026_k1_p0.0080_noise_10,1,2026,0.008,0.0,10,dcs_paper_style,ok,0.0035282015752797855,-0.0035282015752797855,7.187952884282608,3.9444444444444446,8.0,0.004595505486191284,0.00207581659738513,36.08662113275954,0.9831810756875967,0.9837660561388251,1057510.0278157427,1.0,53.157700681124695,0.9983491837835677,0.9996821072780577,20757.57135094415,1.0,675.74,25,14.071247279470288,7.777777777777778,False
feedback_iterations,c1_s2027_k1_m0.0080_noise_10,1,2027,-0.008,0.0,10,dcs_paper_iter_1,ok,0.007053482691863714,0.007053482691863714,14.613540144521982,8.0,17.0,0.008886073814627618,0.0038021933539340563,28.693963932413848,0.9525637217540965,0.9116150413143395,5801632.486707859,0.9879021301875974,47.670207835457234,0.9961148260383937,0.9988753111372138,73438.84264082112,1.0,266.08,1,14.247806848775006,7.833333333333333,False
feedback_iterations,c1_s2027_k1_m0.0080_noise_10,1,2027,-0.008,0.0,10,dcs_paper_iter_10,ok,0.003348012148352668,0.003348012148352668,7.695597587076797,4.277777777777778,9.0,0.004591374744862028,0.002350803310897726,32.83520687020581,0.976747377354648,0.9658618948203455,2235763.8022836023,0.9936901453206565,53.23504137629372,0.9983765050664561,0.9996877195887873,20391.185238701295,1.0,411.89,10,14.247806848775006,7.833333333333333,False
feedback_iterations,c1_s2027_k1_m0.0080_noise_10,1,2027,-0.008,0.0,10,dcs_paper_iter_2,ok,0.006322796182888072,0.006322796182888072,13.654466098842695,7.555555555555555,16.0,0.008164127083600575,0.003702345944818261,29.168697742399388,0.9561311635304401,0.9207415712936048,5200879.998619301,0.9887851989840679,48.41902181471684,0.996533574989801,0.9990534477995708,61807.962322422005,1.0,284.05,2,14.247806848775006,7.833333333333333,False
feedback_iterations,c1_s2027_k1_m0.0080_noise_10,1,2027,-0.008,0.0,10,dcs_paper_iter_5,ok,0.004494726833133371,0.004494726833133371,10.36018017861337,5.777777777777778,12.0,0.005893375820347095,0.0030793340656424645,30.964186637883046,0.967795696686652,0.9475200150949983,3439758.4305270985,0.9915470916296131,50.97187902322969,0.9976379358230784,0.9994741603951977,34336.71195055196,1.0,332.84,5,14.247806848775006,7.833333333333333,False
feedback_iterations,c1_s2027_k1_m0.0080_noise_10,1,2027,-0.008,0.0,10,dcs_paper_style,ok,0.0025289784637208155,0.0025289784637208155,5.773502691896258,3.2222222222222223,7.0,0.003618775086296616,0.001781680900448858,34.66293391022587,0.9827564864046748,0.977573383201775,1467753.8103844444,0.9953322272906252,55.354974968929255,0.9988960839602706,0.9998083360271848,12515.526111495927,1.0,708.26,25,14.247806848775006,7.833333333333333,False
feedback_iterations,c1_s2027_k1_p0.0000_noise_10,1,2027,0.0,0.0,10,dcs_paper_iter_1,ok,7.06288856404917e-07,-7.06288856404917e-07,0.0,0.0,0.0,1.1740984181760104e-07,1.1740984181760104e-07,131.3946728914061,0.9999999999677346,0.9999999999952314,0.0003115152545241445,1.0,131.3946728914061,0.9999999999677346,0.9999999999952314,0.0003115152545241445,1.0,271.13,1,0.0,0.0,False
feedback_iterations,c1_s2027_k1_p0.0000_noise_10,1,2027,0.0,0.0,10,dcs_paper_iter_10,ok,1.2576228594808247e-06,-1.2576228594808247e-06,0.0,0.0,0.0,7.52110744028231e-07,7.52110744028231e-07,122.01953422653703,0.9999999997205938,0.999999999958708,0.0026976970987678483,1.0,122.01953422653703,0.9999999997205938,0.999999999958708,0.0026976970987678483,1.0,426.04,10,0.0,0.0,False
feedback_iterations,c1_s2027_k1_p0.0000_noise_10,1,2027,0.0,0.0,10,dcs_paper_iter_2,ok,1.0940063924641477e-06,-1.0940063924641477e-06,0.0,0.0,0.0,5.231861152123226e-07,5.231861152123226e-07,124.0543991597726,0.9999999998260317,0.9999999999741577,0.0016885218758131257,1.0,124.0543991597726,0.9999999998260317,0.9999999999741577,0.0016885218758131257,1.0,287.77,2,0.0,0.0,False
feedback_iterations,c1_s2027_k1_p0.0000_noise_10,1,2027,0.0,0.0,10,dcs_paper_iter_5,ok,1.390731730234186e-06,-1.390731730234186e-06,0.0,0.0,0.0,9.364403748130001e-07,9.364403748130001e-07,120.50717690539909,0.9999999996102825,0.9999999999415222,0.0038214564705801083,1.0,120.50717690539909,0.9999999996102825,0.9999999999415222,0.0038214564705801083,1.0,343.54,5,0.0,0.0,False
feedback_iterations,c1_s2027_k1_p0.0000_noise_10,1,2027,0.0,0.0,10,dcs_paper_style,ok,1.0675245962478611e-06,-1.0675245962478611e-06,0.0,0.0,0.0,4.953483563434353e-07,4.953483563434353e-07,124.43823028852916,0.9999999998402788,0.9999999999763487,0.001545694204904198,1.0,124.43823028852916,0.9999999998402788,0.9999999999763487,0.001545694204904198,1.0,723.83,25,0.0,0.0,False
feedback_iterations,c1_s2027_k1_p0.0080_noise_10,1,2027,0.008,0.0,10,dcs_paper_iter_1,ok,0.007158543632105233,-0.007158543632105233,14.193112570695847,7.833333333333333,16.0,0.008587632679780483,0.0037419146866837327,30.729285528927896,0.9649341184551562,0.9440797318336032,3630931.4908806486,0.9998759443770278,47.90086260280567,0.9962695679600845,0.9989333092737505,69640.25412709815,1.0,269.46,1,13.824294235551815,7.666666666666667,False
feedback_iterations,c1_s2027_k1_p0.0080_noise_10,1,2027,0.008,0.0,10,dcs_paper_iter_10,ok,0.0037109043205794338,-0.0037109043205794338,7.438637868140466,4.111111111111111,9.0,0.004788454178376428,0.002118957402276619,35.77145900204818,0.9825624641873592,0.9825430429066888,1137105.361687139,0.9998753687128841,52.77329153104808,0.9982365304094535,0.9996526852147641,22678.663359650058,1.0,419.59,10,13.824294235551815,7.666666666666667,False
feedback_iterations,c1_s2027_k1_p0.0080_noise_10,1,2027,0.008,0.0,10,dcs_paper_iter_2,ok,0.006449548035543904,-0.006449548035543904,13.824294235551815,7.666666666666667,15.0,0.007939646016106233,0.003761781072266065,30.943894167677925,0.9659206680824703,0.946787849236749,3455868.3573610336,0.9998759443770278,48.61864931296155,0.9966526585347765,0.9990958447631875,59031.20876493453,1.0,290.17,2,13.824294235551815,7.666666666666667,False
feedback_iterations,c1_s2027_k1_p0.0080_noise_10,1,2027,0.008,0.0,10,dcs_paper_iter_5,ok,0.004842784017160861,-0.004842784017160861,10.482790129010924,5.833333333333333,12.0,0.006066472369589859,0.003079506251239959,33.08873187466331,0.9750080978301541,0.9675764225512464,2108984.6561923255,0.9998756565449559,50.72568802799016,0.9975497841730088,0.9994434483149512,36339.404379397354,1.0,334.81,5,13.824294235551815,7.666666666666667,False
feedback_iterations,c1_s2027_k1_p0.0080_noise_10,1,2027,0.008,0.0,10,dcs_paper_style,ok,0.0035339654651101874,-0.0035339654651101874,7.31057073315377,4.055555555555555,8.0,0.004601681429455949,0.002033101388012416,35.93115454892127,0.9828773357857995,0.9831743054832524,1096051.9842673568,0.9998753687128841,53.1452885727856,0.9983456365849668,0.9996811974205742,20816.981212319184,1.0,736.36,25,13.824294235551815,7.666666666666667,False
feedback_iterations,c2_s2026_k1_m0.0080_noise_00,2,2026,-0.008,0.0,0,dcs_paper_iter_1,ok,0.007093788349153924,0.007093788349153924,13.642254619787417,7.388888888888889,16.0,0.006455299978292225,0.0026889948824326392,32.97014241531399,0.9634937971107354,0.9694041146606506,2167366.547949815,0.9885274453637162,49.00134575081323,0.9963322416089198,0.9992349826652297,54052.032901589424,1.0,280.01,1,12.905640455070625,7.055555555555555,False
feedback_iterations,c2_s2026_k1_m0.0080_noise_00,2,2026,-0.008,0.0,0,dcs_paper_iter_10,ok,0.003265741309272198,0.003265741309272198,7.047458170621991,3.9444444444444446,9.0,0.0034125451631066474,0.0017622165880797416,37.25963626650031,0.9808944617494594,0.988595523944546,807203.3969657657,0.9943217928023561,54.70027560709762,0.998613908157852,0.9997941224057629,14551.878059879793,1.0,434.52,10,12.905640455070625,7.055555555555555,False
feedback_iterations,c2_s2026_k1_m0.0080_noise_00,2,2026,-0.008,0.0,0,dcs_paper_iter_2,ok,0.0062577826787173895,0.0062577826787173895,12.671051872498808,6.944444444444445,15.0,0.005896701286271268,0.002603549128791568,33.36334965573113,0.9658924874566586,0.9720460000884208,1979755.8819869077,0.9895397507604523,49.846974265960604,0.9968159049843056,0.9993704023133589,44488.64524412909,1.0,295.72,2,12.905640455070625,7.055555555555555,False
feedback_iterations,c2_s2026_k1_m0.0080_noise_00,2,2026,-0.008,0.0,0,dcs_paper_iter_5,ok,0.004488698105371645,0.004488698105371645,9.451631252505216,5.222222222222222,11.0,0.004371496296001689,0.002205508645036741,35.48439089896083,0.9747476171499951,0.9828447039901395,1214807.6486010465,0.9921826248442829,52.28896321437199,0.9978686422819225,0.9996412361525984,25354.22184988845,1.0,346.51,5,12.905640455070625,7.055555555555555,False
feedback_iterations,c2_s2026_k1_m0.0080_noise_00,2,2026,-0.008,0.0,0,dcs_paper_style,ok,0.0027391599381706338,0.0027391599381706338,5.686240703077327,3.1666666666666665,7.0,0.0029703202024349597,0.0013415575741578028,38.85444242593769,0.984696799489945,0.9921000618477507,559116.5722137067,0.9953280537255832,56.02233835078099,0.9989209654609325,0.999848174931233,10732.793472321204,1.0,760.44,25,12.905640455070625,7.055555555555555,False
feedback_iterations,c2_s2026_k1_m0.0080_noise_10,2,2026,-0.008,0.0,10,dcs_paper_iter_1,ok,0.007093788349153924,0.007093788349153924,13.642254619787417,7.388888888888889,16.0,0.006455299978292225,0.0026889948824326392,32.97014241531399,0.9634937971107354,0.9694041146606506,2167366.547949815,0.9885274453637162,49.00134575081323,0.9963322416089198,0.9992349826652297,54052.032901589424,1.0,287.7,1,12.905640455070625,7.055555555555555,False
feedback_iterations,c2_s2026_k1_m0.0080_noise_10,2,2026,-0.008,0.0,10,dcs_paper_iter_10,ok,0.003265741309272198,0.003265741309272198,7.047458170621991,3.9444444444444446,9.0,0.0034125451631066474,0.0017622165880797416,37.25963626650031,0.9808944617494594,0.988595523944546,807203.3969657657,0.9943217928023561,54.70027560709762,0.998613908157852,0.9997941224057629,14551.878059879793,1.0,445.89,10,12.905640455070625,7.055555555555555,False
feedback_iterations,c2_s2026_k1_m0.0080_noise_10,2,2026,-0.008,0.0,10,dcs_paper_iter_2,ok,0.0062577826787173895,0.0062577826787173895,12.671051872498808,6.944444444444445,15.0,0.005896701286271268,0.002603549128791568,33.36334965573113,0.9658924874566586,0.9720460000884208,1979755.8819869077,0.9895397507604523,49.846974265960604,0.9968159049843056,0.9993704023133589,44488.64524412909,1.0,304.88,2,12.905640455070625,7.055555555555555,False
feedback_iterations,c2_s2026_k1_m0.0080_noise_10,2,2026,-0.008,0.0,10,dcs_paper_iter_5,ok,0.004488698105371645,0.004488698105371645,9.451631252505216,5.222222222222222,11.0,0.004371496296001689,0.002205508645036741,35.48439089896083,0.9747476171499951,0.9828447039901395,1214807.6486010465,0.9921826248442829,52.28896321437199,0.9978686422819225,0.9996412361525984,25354.22184988845,1.0,358.0,5,12.905640455070625,7.055555555555555,False
feedback_iterations,c2_s2026_k1_m0.0080_noise_10,2,2026,-0.008,0.0,10,dcs_paper_style,ok,0.0027391599381706338,0.0027391599381706338,5.686240703077327,3.1666666666666665,7.0,0.0029703202024349597,0.0013415575741578028,38.85444242593769,0.984696799489945,0.9921000618477507,559116.5722137067,0.9953280537255832,56.02233835078099,0.9989209654609325,0.999848174931233,10732.793472321204,1.0,804.25,25,12.905640455070625,7.055555555555555,False
feedback_iterations,c2_s2026_k1_p0.0000_noise_00,2,2026,0.0,0.0,0,dcs_paper_iter_1,ok,4.647994897653238e-07,-4.647994897653238e-07,0.0,0.0,0.0,7.696321569633541e-09,7.696321569633541e-09,144.3741092143382,0.999999999998454,0.9999999999997776,1.5686847916441197e-05,1.0,144.3741092143382,0.999999999998454,0.9999999999997776,1.5686847916441197e-05,1.0,274.76,1,0.0,0.0,False
feedback_iterations,c2_s2026_k1_p0.0000_noise_00,2,2026,0.0,0.0,0,dcs_paper_iter_10,ok,8.147909037856158e-07,-8.147909037856158e-07,0.0,0.0,0.0,7.90374016512721e-08,7.90374016512721e-08,130.8963345658017,0.9999999999653876,0.9999999999950757,0.0003493921562306433,1.0,130.8963345658017,0.9999999999653876,0.9999999999950757,0.0003493921562306433,1.0,426.47,10,0.0,0.0,False
feedback_iterations,c2_s2026_k1_p0.0000_noise_00,2,2026,0.0,0.0,0,dcs_paper_iter_2,ok,7.140856929411494e-07,-7.140856929411494e-07,0.0,0.0,0.0,4.737877391802775e-08,4.737877391802775e-08,133.70115640769052,0.9999999999812555,0.9999999999974141,0.00018316013997849318,1.0,133.70115640769052,0.9999999999812555,0.9999999999974141,0.00018316013997849318,1.0,290.19,2,0.0,0.0,False
feedback_iterations,c2_s2026_k1_p0.0000_noise_00,2,2026,0.0,0.0,0,dcs_paper_iter_5,ok,9.333102522021148e-07,-9.333102522021148e-07,0.0,0.0,0.0,1.2106695915919994e-07,1.2106695915919994e-07,128.19524869304868,0.9999999999385045,0.9999999999907881,0.0006507613302216767,1.0,128.19524869304868,0.9999999999385045,0.9999999999907881,0.0006507613302216767,1.0,341.49,5,0.0,0.0,False
feedback_iterations,c2_s2026_k1_p0.0000_noise_00,2,2026,0.0,0.0,0,dcs_paper_style,ok,5.662349112227742e-07,-5.662349112227742e-07,0.0,0.0,0.0,1.8886008958107836e-08,1.8886008958107836e-08,139.05390353104312,0.9999999999950537,0.9999999999992403,5.3401844082518e-05,1.0,139.05390353104312,0.9999999999950537,0.9999999999992403,5.3401844082518e-05,1.0,752.62,25,0.0,0.0,False
feedback_iterations,c2_s2026_k1_p0.0000_noise_10,2,2026,0.0,0.0,10,dcs_paper_iter_1,ok,4.647994897653238e-07,-4.647994897653238e-07,0.0,0.0,0.0,7.696321569633541e-09,7.696321569633541e-09,144.3741092143382,0.999999999998454,0.9999999999997776,1.5686847916441197e-05,1.0,144.3741092143382,0.999999999998454,0.9999999999997776,1.5686847916441197e-05,1.0,290.48,1,0.0,0.0,False
feedback_iterations,c2_s2026_k1_p0.0000_noise_10,2,2026,0.0,0.0,10,dcs_paper_iter_10,ok,8.147909037856158e-07,-8.147909037856158e-07,0.0,0.0,0.0,7.90374016512721e-08,7.90374016512721e-08,130.8963345658017,0.9999999999653876,0.9999999999950757,0.0003493921562306433,1.0,130.8963345658017,0.9999999999653876,0.9999999999950757,0.0003493921562306433,1.0,443.0,10,0.0,0.0,False
feedback_iterations,c2_s2026_k1_p0.0000_noise_10,2,2026,0.0,0.0,10,dcs_paper_iter_2,ok,7.140856929411494e-07,-7.140856929411494e-07,0.0,0.0,0.0,4.737877391802775e-08,4.737877391802775e-08,133.70115640769052,0.9999999999812555,0.9999999999974141,0.00018316013997849318,1.0,133.70115640769052,0.9999999999812555,0.9999999999974141,0.00018316013997849318,1.0,306.05,2,0.0,0.0,False
feedback_iterations,c2_s2026_k1_p0.0000_noise_10,2,2026,0.0,0.0,10,dcs_paper_iter_5,ok,9.333102522021148e-07,-9.333102522021148e-07,0.0,0.0,0.0,1.2106695915919994e-07,1.2106695915919994e-07,128.19524869304868,0.9999999999385045,0.9999999999907881,0.0006507613302216767,1.0,128.19524869304868,0.9999999999385045,0.9999999999907881,0.0006507613302216767,1.0,355.91,5,0.0,0.0,False
feedback_iterations,c2_s2026_k1_p0.0000_noise_10,2,2026,0.0,0.0,10,dcs_paper_style,ok,5.662349112227742e-07,-5.662349112227742e-07,0.0,0.0,0.0,1.8886008958107836e-08,1.8886008958107836e-08,139.05390353104312,0.9999999999950537,0.9999999999992403,5.3401844082518e-05,1.0,139.05390353104312,0.9999999999950537,0.9999999999992403,5.3401844082518e-05,1.0,790.94,25,0.0,0.0,False
feedback_iterations,c2_s2026_k1_p0.0080_noise_00,2,2026,0.008,0.0,0,dcs_paper_iter_1,ok,0.0070095783601789195,-0.0070095783601789195,13.274871834493252,7.222222222222222,15.0,0.006187289498509171,0.0025080111547376087,34.05014308308108,0.9713396890061942,0.9761331903546013,1690177.43475201,1.0,49.32594435190048,0.996544480795652,0.9992916787609432,50159.38145810619,1.0,275.57,1,12.797569213634977,7.0,False
feedback_iterations,c2_s2026_k1_p0.0080_noise_00,2,2026,0.008,0.0,0,dcs_paper_iter_10,ok,0.003564884834835421,-0.003564884834835421,6.782329983125268,3.6666666666666665,8.0,0.0035235057603681,0.0014052378409210636,39.0317919624051,0.984292084039927,0.9924115644578785,536744.2631491765,1.0,54.301829195512354,0.9985074829056703,0.9997745975104166,15950.110200601324,1.0,431.3,10,12.797569213634977,7.0,False
feedback_iterations,c2_s2026_k1_p0.0080_noise_00,2,2026,0.008,0.0,0,dcs_paper_iter_2,ok,0.006245098515153154,-0.006245098515153154,12.364824660660938,6.777777777777778,14.0,0.005687638734656789,0.002508186891086235,34.55481284254215,0.9730322399011094,0.9787475937794821,1504753.365307315,1.0,50.1030585263134,0.9969637172261767,0.9994076771884283,41941.19061136575,1.0,288.87,2,12.797569213634977,7.0,False
feedback_iterations,c2_s2026_k1_p0.0080_noise_00,2,2026,0.008,0.0,0,dcs_paper_iter_5,ok,0.00456797650528569,-0.00456797650528569,9.153020145163987,5.0,11.0,0.00428394245057097,0.002048122884385485,36.734489114763335,0.9794887580681323,0.9871274214140786,910956.6195996857,1.0,52.40892485930467,0.9979171106314372,0.99965152617417,24663.466731937388,1.0,341.12,5,12.797569213634977,7.0,False
feedback_iterations,c2_s2026_k1_p0.0080_noise_00,2,2026,0.008,0.0,0,dcs_paper_style,ok,0.0027162794930888105,-0.0027162794930888105,4.760952285695233,2.5555555555555554,6.0,0.0028498917104629942,0.00099601434521406,41.52841884323421,0.988446286051783,0.9957284609047397,302068.00215341867,1.0,56.355449466009176,0.9989873882479554,0.999859533539309,9940.349650773347,1.0,781.15,25,12.797569213634977,7.0,False
feedback_iterations,c2_s2026_k1_p0.0080_noise_10,2,2026,0.008,0.0,10,dcs_paper_iter_1,ok,0.00701721251967354,-0.00701721251967354,13.658534165698585,7.5,16.0,0.006191987911783989,0.0026812627006225155,33.77111140393639,0.9703256060723225,0.9745423091129108,1802334.795308767,0.9998758004609919,49.318134700316854,0.9965400625837578,0.9992904042441271,50249.6611484971,1.0,292.1,1,13.05543735171076,7.222222222222222,False
feedback_iterations,c2_s2026_k1_p0.0080_noise_10,2,2026,0.008,0.0,10,dcs_paper_iter_10,ok,0.0035844411511166425,-0.0035844411511166425,7.505553499465135,4.166666666666667,9.0,0.0035380614694745503,0.0017406003405925343,38.396280691097814,0.9829442302395567,0.991219002620895,621324.5850054548,0.9998753687128841,54.26044541774647,0.9984961494567631,0.9997724396125246,16102.824724264072,1.0,459.8,10,13.05543735171076,7.222222222222222,False
feedback_iterations,c2_s2026_k1_p0.0080_noise_10,2,2026,0.008,0.0,10,dcs_paper_iter_2,ok,0.006174099810482205,-0.006174099810482205,12.445436468396313,6.888888888888889,14.0,0.005634071190271479,0.0024799359365612413,34.447439939995135,0.972669465863473,0.9782118627652816,1542419.8778155283,0.9998756565449559,50.17998346767709,0.9970019314559261,0.9994180666857974,41204.842719732085,1.0,304.29,2,13.05543735171076,7.222222222222222,False
feedback_iterations,c2_s2026_k1_p0.0080_noise_10,2,2026,0.008,0.0,10,dcs_paper_iter_5,ok,0.004391069135620988,-0.004391069135620988,9.098229375970787,5.055555555555555,11.0,0.0041409833865827085,0.00212438149170148,36.83759131609846,0.9796115461285767,0.9874306221064593,889585.0504005632,0.9998755126289199,52.711734690677275,0.9980218906911497,0.999674981216221,23002.399318041273,1.0,359.1,5,13.05543735171076,7.222222222222222,False
feedback_iterations,c2_s2026_k1_p0.0080_noise_10,2,2026,0.008,0.0,10,dcs_paper_style,ok,0.0030328578117666347,-0.0030328578117666347,5.811865258054231,3.2222222222222223,7.0,0.003110203194068209,0.0012929612568017073,40.41775699830594,0.9865056138667647,0.9944862162094945,390095.4705584379,0.9998752247968481,55.51990311838835,0.998811407435569,0.999829728544824,12049.146802254041,1.0,807.87,25,13.05543735171076,7.222222222222222,False
feedback_iterations,c2_s2027_k1_m0.0080_noise_10,2,2027,-0.008,0.0,10,dcs_paper_iter_1,ok,0.007093788349153924,0.007093788349153924,13.642254619787417,7.388888888888889,16.0,0.006455299978292225,0.0026889948824326392,32.97014241531399,0.9634937971107354,0.9694041146606506,2167366.547949815,0.9885274453637162,49.00134575081323,0.9963322416089198,0.9992349826652297,54052.032901589424,1.0,324.21,1,12.905640455070625,7.055555555555555,False
feedback_iterations,c2_s2027_k1_m0.0080_noise_10,2,2027,-0.008,0.0,10,dcs_paper_iter_10,ok,0.003265741309272198,0.003265741309272198,7.047458170621991,3.9444444444444446,9.0,0.0034125451631066474,0.0017622165880797416,37.25963626650031,0.9808944617494594,0.988595523944546,807203.3969657657,0.9943217928023561,54.70027560709762,0.998613908157852,0.9997941224057629,14551.878059879793,1.0,498.97,10,12.905640455070625,7.055555555555555,False
feedback_iterations,c2_s2027_k1_m0.0080_noise_10,2,2027,-0.008,0.0,10,dcs_paper_iter_2,ok,0.0062577826787173895,0.0062577826787173895,12.671051872498808,6.944444444444445,15.0,0.005896701286271268,0.002603549128791568,33.36334965573113,0.9658924874566586,0.9720460000884208,1979755.8819869077,0.9895397507604523,49.846974265960604,0.9968159049843056,0.9993704023133589,44488.64524412909,1.0,343.42,2,12.905640455070625,7.055555555555555,False
feedback_iterations,c2_s2027_k1_m0.0080_noise_10,2,2027,-0.008,0.0,10,dcs_paper_iter_5,ok,0.004488698105371645,0.004488698105371645,9.451631252505216,5.222222222222222,11.0,0.004371496296001689,0.002205508645036741,35.48439089896083,0.9747476171499951,0.9828447039901395,1214807.6486010465,0.9921826248442829,52.28896321437199,0.9978686422819225,0.9996412361525984,25354.22184988845,1.0,398.75,5,12.905640455070625,7.055555555555555,False
feedback_iterations,c2_s2027_k1_m0.0080_noise_10,2,2027,-0.008,0.0,10,dcs_paper_style,ok,0.0027391599381706338,0.0027391599381706338,5.686240703077327,3.1666666666666665,7.0,0.0029703202024349597,0.0013415575741578028,38.85444242593769,0.984696799489945,0.9921000618477507,559116.5722137067,0.9953280537255832,56.02233835078099,0.9989209654609325,0.999848174931233,10732.793472321204,1.0,855.2,25,12.905640455070625,7.055555555555555,False
feedback_iterations,c2_s2027_k1_p0.0000_noise_10,2,2027,0.0,0.0,10,dcs_paper_iter_1,ok,4.647994897653238e-07,-4.647994897653238e-07,0.0,0.0,0.0,7.696321569633541e-09,7.696321569633541e-09,144.3741092143382,0.999999999998454,0.9999999999997776,1.5686847916441197e-05,1.0,144.3741092143382,0.999999999998454,0.9999999999997776,1.5686847916441197e-05,1.0,307.31,1,0.0,0.0,False
feedback_iterations,c2_s2027_k1_p0.0000_noise_10,2,2027,0.0,0.0,10,dcs_paper_iter_10,ok,8.147909037856158e-07,-8.147909037856158e-07,0.0,0.0,0.0,7.90374016512721e-08,7.90374016512721e-08,130.8963345658017,0.9999999999653876,0.9999999999950757,0.0003493921562306433,1.0,130.8963345658017,0.9999999999653876,0.9999999999950757,0.0003493921562306433,1.0,471.86,10,0.0,0.0,False
feedback_iterations,c2_s2027_k1_p0.0000_noise_10,2,2027,0.0,0.0,10,dcs_paper_iter_2,ok,7.140856929411494e-07,-7.140856929411494e-07,0.0,0.0,0.0,4.737877391802775e-08,4.737877391802775e-08,133.70115640769052,0.9999999999812555,0.9999999999974141,0.00018316013997849318,1.0,133.70115640769052,0.9999999999812555,0.9999999999974141,0.00018316013997849318,1.0,327.72,2,0.0,0.0,False
feedback_iterations,c2_s2027_k1_p0.0000_noise_10,2,2027,0.0,0.0,10,dcs_paper_iter_5,ok,9.333102522021148e-07,-9.333102522021148e-07,0.0,0.0,0.0,1.2106695915919994e-07,1.2106695915919994e-07,128.19524869304868,0.9999999999385045,0.9999999999907881,0.0006507613302216767,1.0,128.19524869304868,0.9999999999385045,0.9999999999907881,0.0006507613302216767,1.0,378.87,5,0.0,0.0,False
feedback_iterations,c2_s2027_k1_p0.0000_noise_10,2,2027,0.0,0.0,10,dcs_paper_style,ok,5.662349112227742e-07,-5.662349112227742e-07,0.0,0.0,0.0,1.8886008958107836e-08,1.8886008958107836e-08,139.05390353104312,0.9999999999950537,0.9999999999992403,5.3401844082518e-05,1.0,139.05390353104312,0.9999999999950537,0.9999999999992403,5.3401844082518e-05,1.0,820.74,25,0.0,0.0,False
feedback_iterations,c2_s2027_k1_p0.0080_noise_10,2,2027,0.008,0.0,10,dcs_paper_iter_1,ok,0.00701721251967354,-0.00701721251967354,13.658534165698585,7.5,16.0,0.006191987911783989,0.0026812627006225155,33.77111140393639,0.9703256060723225,0.9745423091129108,1802334.795308767,0.9998758004609919,49.318134700316854,0.9965400625837578,0.9992904042441271,50249.6611484971,1.0,299.19,1,13.05543735171076,7.222222222222222,False
feedback_iterations,c2_s2027_k1_p0.0080_noise_10,2,2027,0.008,0.0,10,dcs_paper_iter_10,ok,0.0035844411511166425,-0.0035844411511166425,7.505553499465135,4.166666666666667,9.0,0.0035380614694745503,0.0017406003405925343,38.396280691097814,0.9829442302395567,0.991219002620895,621324.5850054548,0.9998753687128841,54.26044541774647,0.9984961494567631,0.9997724396125246,16102.824724264072,1.0,465.67,10,13.05543735171076,7.222222222222222,False
feedback_iterations,c2_s2027_k1_p0.0080_noise_10,2,2027,0.008,0.0,10,dcs_paper_iter_2,ok,0.006174099810482205,-0.006174099810482205,12.445436468396313,6.888888888888889,14.0,0.005634071190271479,0.0024799359365612413,34.447439939995135,0.972669465863473,0.9782118627652816,1542419.8778155283,0.9998756565449559,50.17998346767709,0.9970019314559261,0.9994180666857974,41204.842719732085,1.0,316.64,2,13.05543735171076,7.222222222222222,False
feedback_iterations,c2_s2027_k1_p0.0080_noise_10,2,2027,0.008,0.0,10,dcs_paper_iter_5,ok,0.004391069135620988,-0.004391069135620988,9.098229375970787,5.055555555555555,11.0,0.0041409833865827085,0.00212438149170148,36.83759131609846,0.9796115461285767,0.9874306221064593,889585.0504005632,0.9998755126289199,52.711734690677275,0.9980218906911497,0.999674981216221,23002.399318041273,1.0,376.93,5,13.05543735171076,7.222222222222222,False
feedback_iterations,c2_s2027_k1_p0.0080_noise_10,2,2027,0.008,0.0,10,dcs_paper_style,ok,0.0030328578117666347,-0.0030328578117666347,5.811865258054231,3.2222222222222223,7.0,0.003110203194068209,0.0012929612568017073,40.41775699830594,0.9865056138667647,0.9944862162094945,390095.4705584379,0.9998752247968481,55.51990311838835,0.998811407435569,0.999829728544824,12049.146802254041,1.0,1563.65,25,13.05543735171076,7.222222222222222,False
feedback_iterations,c3_s2026_k1_m0.0080_noise_00,3,2026,-0.008,0.0,0,dcs_paper_iter_1,ok,0.006931613190957766,0.006931613190957766,14.313940369055926,7.888888888888889,16.0,0.006561986005803599,0.0027966358107042125,31.64220902230457,0.9537247667845827,0.9582019522137468,2942562.5628486546,0.9881502414335419,44.320832240355,0.9922842569454585,0.9977499361072968,158804.71162444723,1.0,311.51,1,13.824294235551815,7.666666666666667,False
feedback_iterations,c3_s2026_k1_m0.0080_noise_00,3,2026,-0.008,0.0,0,dcs_paper_iter_10,ok,0.0030876260189215757,0.0030876260189215757,7.824463062870334,4.388888888888889,9.0,0.0034858187840760366,0.002263585039289815,35.726681714858174,0.9727292218710198,0.9836563513303183,1148889.9648484413,0.9936901453206565,50.43424054335218,0.997473122378809,0.99944829514394,38861.76785995308,1.0,865.42,10,13.824294235551815,7.666666666666667,False
feedback_iterations,c3_s2026_k1_m0.0080_noise_00,3,2026,-0.008,0.0,0,dcs_paper_iter_2,ok,0.0058751187087008,0.0058751187087008,13.287420951996499,7.388888888888889,15.0,0.005818548361178254,0.00299631029744137,32.12569786173657,0.9567603961808632,0.9625905771065599,2632551.1691118637,0.9891579415171283,45.415803292164426,0.9936044942899984,0.9982509322989807,123414.5256475466,1.0,337.66,2,13.824294235551815,7.666666666666667,False
feedback_iterations,c3_s2026_k1_m0.0080_noise_00,3,2026,-0.008,0.0,0,dcs_paper_iter_5,ok,0.004164404259241599,0.004164404259241599,9.882644720249063,5.5,11.0,0.004363510188820614,0.0025460375054491943,34.13187300686822,0.9667000841763554,0.9764151128523403,1658667.391862742,0.9919293326210449,48.109699956384716,0.9960280122386489,0.9990584498294711,66370.7326736606,1.0,496.52,5,13.824294235551815,7.666666666666667,False
feedback_iterations,c3_s2026_k1_m0.0080_noise_00,3,2026,-0.008,0.0,0,dcs_paper_style,ok,0.002730376224697271,0.002730376224697271,5.811865258054231,3.2222222222222223,7.0,0.003160577201672847,0.0013837137038210739,37.606250509868346,0.9787765581090275,0.9893981487087381,745283.586062655,0.9952032785224313,51.4061023650363,0.9979202341835114,0.9995588198288252,31069.650720925794,1.0,2308.74,25,13.824294235551815,7.666666666666667,False
feedback_iterations,c3_s2026_k1_m0.0080_noise_10,3,2026,-0.008,0.0,10,dcs_paper_iter_1,ok,0.006931613190957766,0.006931613190957766,14.313940369055926,7.888888888888889,16.0,0.006561986005803599,0.0027966358107042125,31.64220902230457,0.9537247667845827,0.9582019522137468,2942562.5628486546,0.9881502414335419,44.320832240355,0.9922842569454585,0.9977499361072968,158804.71162444723,1.0,615.31,1,13.824294235551815,7.666666666666667,False
feedback_iterations,c3_s2026_k1_m0.0080_noise_10,3,2026,-0.008,0.0,10,dcs_paper_iter_10,ok,0.0030876260189215757,0.0030876260189215757,7.824463062870334,4.388888888888889,9.0,0.0034858187840760366,0.002263585039289815,35.726681714858174,0.9727292218710198,0.9836563513303183,1148889.9648484413,0.9936901453206565,50.43424054335218,0.997473122378809,0.99944829514394,38861.76785995308,1.0,1270.89,10,13.824294235551815,7.666666666666667,False
feedback_iterations,c3_s2026_k1_m0.0080_noise_10,3,2026,-0.008,0.0,10,dcs_paper_iter_2,ok,0.0058751187087008,0.0058751187087008,13.287420951996499,7.388888888888889,15.0,0.005818548361178254,0.00299631029744137,32.12569786173657,0.9567603961808632,0.9625905771065599,2632551.1691118637,0.9891579415171283,45.415803292164426,0.9936044942899984,0.9982509322989807,123414.5256475466,1.0,617.55,2,13.824294235551815,7.666666666666667,False
feedback_iterations,c3_s2026_k1_m0.0080_noise_10,3,2026,-0.008,0.0,10,dcs_paper_iter_5,ok,0.004164404259241599,0.004164404259241599,9.882644720249063,5.5,11.0,0.004363510188820614,0.0025460375054491943,34.13187300686822,0.9667000841763554,0.9764151128523403,1658667.391862742,0.9919293326210449,48.109699956384716,0.9960280122386489,0.9990584498294711,66370.7326736606,1.0,705.93,5,13.824294235551815,7.666666666666667,False
feedback_iterations,c3_s2026_k1_m0.0080_noise_10,3,2026,-0.008,0.0,10,dcs_paper_style,ok,0.002730376224697271,0.002730376224697271,5.811865258054231,3.2222222222222223,7.0,0.003160577201672847,0.0013837137038210739,37.606250509868346,0.9787765581090275,0.9893981487087381,745283.586062655,0.9952032785224313,51.4061023650363,0.9979202341835114,0.9995588198288252,31069.650720925794,1.0,2107.2,25,13.824294235551815,7.666666666666667,False
feedback_iterations,c3_s2026_k1_p0.0000_noise_00,3,2026,0.0,0.0,0,dcs_paper_iter_1,ok,5.105483622448009e-07,-5.105483622448009e-07,0.0,0.0,0.0,6.490018685315091e-08,6.490018685315091e-08,125.52692835874291,0.9999999999368959,0.9999999999828786,0.001202967160087593,1.0,125.52692835874291,0.9999999999368959,0.9999999999828786,0.001202967160087593,1.0,782.61,1,0.0,0.0,False
feedback_iterations,c3_s2026_k1_p0.0000_noise_00,3,2026,0.0,0.0,0,dcs_paper_iter_10,ok,1.0435168579503808e-06,-1.0435168579503808e-06,0.0,0.0,0.0,4.742244099076326e-07,4.742244099076326e-07,117.12984724908061,0.999999999499351,0.9999999998816798,0.008316907716432448,1.0,117.12984724908061,0.999999999499351,0.9999999998816798,0.008316907716432448,1.0,1131.41,10,0.0,0.0,False
feedback_iterations,c3_s2026_k1_p0.0000_noise_00,3,2026,0.0,0.0,0,dcs_paper_iter_2,ok,7.778375318787927e-07,-7.778375318787927e-07,0.0,0.0,0.0,2.3149006933911946e-07,2.3149006933911946e-07,120.20504299642315,0.9999999997656273,0.9999999999416735,0.004096776842067693,1.0,120.20504299642315,0.9999999997656273,0.9999999999416735,0.004096776842067693,1.0,824.14,2,0.0,0.0,False
feedback_iterations,c3_s2026_k1_p0.0000_noise_00,3,2026,0.0,0.0,0,dcs_paper_iter_5,ok,1.0240211864343236e-06,-1.0240211864343236e-06,0.0,0.0,0.0,4.5250004122171664e-07,4.5250004122171664e-07,117.31458001745763,0.9999999995204362,0.9999999998866046,0.00797055578646084,1.0,117.31458001745763,0.9999999995204362,0.9999999998866046,0.00797055578646084,1.0,830.5,5,0.0,0.0,False
feedback_iterations,c3_s2026_k1_p0.0000_noise_00,3,2026,0.0,0.0,0,dcs_paper_style,ok,6.010320915263994e-07,-6.010320915263994e-07,0.0,0.0,0.0,1.1866527015874693e-07,1.1866527015874693e-07,123.2858531728145,0.999999999890973,0.9999999999713006,0.0020154001671728672,1.0,123.2858531728145,0.999999999890973,0.9999999999713006,0.0020154001671728672,1.0,1637.97,25,0.0,0.0,False
feedback_iterations,c3_s2026_k1_p0.0000_noise_10,3,2026,0.0,0.0,10,dcs_paper_iter_1,ok,5.105483622448009e-07,-5.105483622448009e-07,0.0,0.0,0.0,6.490018685315091e-08,6.490018685315091e-08,125.52692835874291,0.9999999999368959,0.9999999999828786,0.001202967160087593,1.0,125.52692835874291,0.9999999999368959,0.9999999999828786,0.001202967160087593,1.0,791.72,1,0.0,0.0,False
feedback_iterations,c3_s2026_k1_p0.0000_noise_10,3,2026,0.0,0.0,10,dcs_paper_iter_10,ok,1.0435168579503808e-06,-1.0435168579503808e-06,0.0,0.0,0.0,4.742244099076326e-07,4.742244099076326e-07,117.12984724908061,0.999999999499351,0.9999999998816798,0.008316907716432448,1.0,117.12984724908061,0.999999999499351,0.9999999998816798,0.008316907716432448,1.0,1285.27,10,0.0,0.0,False
feedback_iterations,c3_s2026_k1_p0.0000_noise_10,3,2026,0.0,0.0,10,dcs_paper_iter_2,ok,7.778375318787927e-07,-7.778375318787927e-07,0.0,0.0,0.0,2.3149006933911946e-07,2.3149006933911946e-07,120.20504299642315,0.9999999997656273,0.9999999999416735,0.004096776842067693,1.0,120.20504299642315,0.9999999997656273,0.9999999999416735,0.004096776842067693,1.0,863.65,2,0.0,0.0,False
feedback_iterations,c3_s2026_k1_p0.0000_noise_10,3,2026,0.0,0.0,10,dcs_paper_iter_5,ok,1.0240211864343236e-06,-1.0240211864343236e-06,0.0,0.0,0.0,4.5250004122171664e-07,4.5250004122171664e-07,117.31458001745763,0.9999999995204362,0.9999999998866046,0.00797055578646084,1.0,117.31458001745763,0.9999999995204362,0.9999999998866046,0.00797055578646084,1.0,1032.96,5,0.0,0.0,False
feedback_iterations,c3_s2026_k1_p0.0000_noise_10,3,2026,0.0,0.0,10,dcs_paper_style,ok,6.010320915263994e-07,-6.010320915263994e-07,0.0,0.0,0.0,1.1866527015874693e-07,1.1866527015874693e-07,123.2858531728145,0.999999999890973,0.9999999999713006,0.0020154001671728672,1.0,123.2858531728145,0.999999999890973,0.9999999999713006,0.0020154001671728672,1.0,2164.4,25,0.0,0.0,False
feedback_iterations,c3_s2026_k1_p0.0080_noise_00,3,2026,0.008,0.0,0,dcs_paper_iter_1,ok,0.006880829111163276,-0.006880829111163276,13.944333775567927,7.666666666666667,16.0,0.006340447389421697,0.002684335905032465,32.77126286283539,0.9639784161332271,0.9676342028175617,2268925.944882903,1.0,44.65441736764206,0.9927618511989003,0.997903777536192,147063.49090029698,1.0,790.47,1,13.820274961085254,7.611111111111111,False
feedback_iterations,c3_s2026_k1_p0.0080_noise_00,3,2026,0.008,0.0,0,dcs_paper_iter_10,ok,0.002970574677626469,-0.002970574677626469,6.429100507328637,3.5555555555555554,8.0,0.003263349404038778,0.0017098597790835737,38.397759430647305,0.9800428121806508,0.9911482470852145,621113.0647410644,1.0,51.062486137684246,0.9977770314826312,0.9995212450151039,33627.764223734535,1.0,1254.34,10,13.820274961085254,7.611111111111111,False
feedback_iterations,c3_s2026_k1_p0.0080_noise_00,3,2026,0.008,0.0,0,dcs_paper_iter_2,ok,0.006031452032906402,-0.006031452032906402,13.466006584482772,7.444444444444445,15.0,0.005760127167074552,0.003073533818938886,33.005442710646975,0.9650628481633232,0.9693415347627439,2149821.1762055415,1.0,45.51730478144841,0.9937648187634142,0.9982820204816449,120563.57833465868,1.0,863.59,2,13.820274961085254,7.611111111111111,False
feedback_iterations,c3_s2026_k1_p0.0080_noise_00,3,2026,0.008,0.0,0,dcs_paper_iter_5,ok,0.004291363208821525,-0.004291363208821525,9.637888196533973,5.333333333333333,11.0,0.004317370741010662,0.002504285863930505,35.43617666861003,0.9729240232959883,0.9824897527428028,1228369.2628364637,1.0,48.183747425177955,0.9960993087206216,0.9990707982584539,65248.70025525128,1.0,1029.06,5,13.820274961085254,7.611111111111111,False
feedback_iterations,c3_s2026_k1_p0.0080_noise_00,3,2026,0.008,0.0,0,dcs_paper_style,ok,0.0020332130482965697,-0.0020332130482965697,3.7564758898615485,2.0555555555555554,5.0,0.0023708450365454974,0.0011097980861805416,42.240487114223825,0.986775908024372,0.9963463830736885,256388.11897535893,1.0,54.129657858395,0.9988116625655294,0.9997637890934167,16595.13622214973,1.0,2249.76,25,13.820274961085254,7.611111111111111,False
feedback_iterations,c3_s2026_k1_p0.0080_noise_10,3,2026,0.008,0.0,10,dcs_paper_iter_1,ok,0.006880829111163276,-0.006880829111163276,13.944333775567927,7.666666666666667,16.0,0.006340447389421697,0.002684335905032465,32.77126286283539,0.9639784161332271,0.9676342028175617,2268925.944882903,1.0,44.65441736764206,0.9927618511989003,0.997903777536192,147063.49090029698,1.0,813.96,1,13.820274961085254,7.611111111111111,False
feedback_iterations,c3_s2026_k1_p0.0080_noise_10,3,2026,0.008,0.0,10,dcs_paper_iter_10,ok,0.002970574677626469,-0.002970574677626469,6.429100507328637,3.5555555555555554,8.0,0.003263349404038778,0.0017098597790835737,38.397759430647305,0.9800428121806508,0.9911482470852145,621113.0647410644,1.0,51.062486137684246,0.9977770314826312,0.9995212450151039,33627.764223734535,1.0,1179.46,10,13.820274961085254,7.611111111111111,False
feedback_iterations,c3_s2026_k1_p0.0080_noise_10,3,2026,0.008,0.0,10,dcs_paper_iter_2,ok,0.006031452032906402,-0.006031452032906402,13.466006584482772,7.444444444444445,15.0,0.005760127167074552,0.003073533818938886,33.005442710646975,0.9650628481633232,0.9693415347627439,2149821.1762055415,1.0,45.51730478144841,0.9937648187634142,0.9982820204816449,120563.57833465868,1.0,821.5,2,13.820274961085254,7.611111111111111,False
feedback_iterations,c3_s2026_k1_p0.0080_noise_10,3,2026,0.008,0.0,10,dcs_paper_iter_5,ok,0.004291363208821525,-0.004291363208821525,9.637888196533973,5.333333333333333,11.0,0.004317370741010662,0.002504285863930505,35.43617666861003,0.9729240232959883,0.9824897527428028,1228369.2628364637,1.0,48.183747425177955,0.9960993087206216,0.9990707982584539,65248.70025525128,1.0,926.86,5,13.820274961085254,7.611111111111111,False
feedback_iterations,c3_s2026_k1_p0.0080_noise_10,3,2026,0.008,0.0,10,dcs_paper_style,ok,0.0020332130482965697,-0.0020332130482965697,3.7564758898615485,2.0555555555555554,5.0,0.0023708450365454974,0.0011097980861805416,42.240487114223825,0.986775908024372,0.9963463830736885,256388.11897535893,1.0,54.129657858395,0.9988116625655294,0.9997637890934167,16595.13622214973,1.0,1221.39,25,13.820274961085254,7.611111111111111,False
feedback_iterations,c3_s2027_k1_m0.0080_noise_10,3,2027,-0.008,0.0,10,dcs_paper_iter_1,ok,0.006931613190957766,0.006931613190957766,14.313940369055926,7.888888888888889,16.0,0.006561986005803599,0.0027966358107042125,31.64220902230457,0.9537247667845827,0.9582019522137468,2942562.5628486546,0.9881502414335419,44.320832240355,0.9922842569454585,0.9977499361072968,158804.71162444723,1.0,837.08,1,13.824294235551815,7.666666666666667,False
feedback_iterations,c3_s2027_k1_m0.0080_noise_10,3,2027,-0.008,0.0,10,dcs_paper_iter_10,ok,0.0030876260189215757,0.0030876260189215757,7.824463062870334,4.388888888888889,9.0,0.0034858187840760366,0.002263585039289815,35.726681714858174,0.9727292218710198,0.9836563513303183,1148889.9648484413,0.9936901453206565,50.43424054335218,0.997473122378809,0.99944829514394,38861.76785995308,1.0,1305.37,10,13.824294235551815,7.666666666666667,False
feedback_iterations,c3_s2027_k1_m0.0080_noise_10,3,2027,-0.008,0.0,10,dcs_paper_iter_2,ok,0.0058751187087008,0.0058751187087008,13.287420951996499,7.388888888888889,15.0,0.005818548361178254,0.00299631029744137,32.12569786173657,0.9567603961808632,0.9625905771065599,2632551.1691118637,0.9891579415171283,45.415803292164426,0.9936044942899984,0.9982509322989807,123414.5256475466,1.0,901.0,2,13.824294235551815,7.666666666666667,False
feedback_iterations,c3_s2027_k1_m0.0080_noise_10,3,2027,-0.008,0.0,10,dcs_paper_iter_5,ok,0.004164404259241599,0.004164404259241599,9.882644720249063,5.5,11.0,0.004363510188820614,0.0025460375054491943,34.13187300686822,0.9667000841763554,0.9764151128523403,1658667.391862742,0.9919293326210449,48.109699956384716,0.9960280122386489,0.9990584498294711,66370.7326736606,1.0,1034.55,5,13.824294235551815,7.666666666666667,False
feedback_iterations,c3_s2027_k1_m0.0080_noise_10,3,2027,-0.008,0.0,10,dcs_paper_style,ok,0.002730376224697271,0.002730376224697271,5.811865258054231,3.2222222222222223,7.0,0.003160577201672847,0.0013837137038210739,37.606250509868346,0.9787765581090275,0.9893981487087381,745283.586062655,0.9952032785224313,51.4061023650363,0.9979202341835114,0.9995588198288252,31069.650720925794,1.0,2241.61,25,13.824294235551815,7.666666666666667,False
feedback_iterations,c3_s2027_k1_p0.0000_noise_10,3,2027,0.0,0.0,10,dcs_paper_iter_1,ok,5.105483622448009e-07,-5.105483622448009e-07,0.0,0.0,0.0,6.490018685315091e-08,6.490018685315091e-08,125.52692835874291,0.9999999999368959,0.9999999999828786,0.001202967160087593,1.0,125.52692835874291,0.9999999999368959,0.9999999999828786,0.001202967160087593,1.0,819.33,1,0.0,0.0,False
feedback_iterations,c3_s2027_k1_p0.0000_noise_10,3,2027,0.0,0.0,10,dcs_paper_iter_10,ok,1.0435168579503808e-06,-1.0435168579503808e-06,0.0,0.0,0.0,4.742244099076326e-07,4.742244099076326e-07,117.12984724908061,0.999999999499351,0.9999999998816798,0.008316907716432448,1.0,117.12984724908061,0.999999999499351,0.9999999998816798,0.008316907716432448,1.0,1499.36,10,0.0,0.0,False
feedback_iterations,c3_s2027_k1_p0.0000_noise_10,3,2027,0.0,0.0,10,dcs_paper_iter_2,ok,7.778375318787927e-07,-7.778375318787927e-07,0.0,0.0,0.0,2.3149006933911946e-07,2.3149006933911946e-07,120.20504299642315,0.9999999997656273,0.9999999999416735,0.004096776842067693,1.0,120.20504299642315,0.9999999997656273,0.9999999999416735,0.004096776842067693,1.0,886.69,2,0.0,0.0,False
feedback_iterations,c3_s2027_k1_p0.0000_noise_10,3,2027,0.0,0.0,10,dcs_paper_iter_5,ok,1.0240211864343236e-06,-1.0240211864343236e-06,0.0,0.0,0.0,4.5250004122171664e-07,4.5250004122171664e-07,117.31458001745763,0.9999999995204362,0.9999999998866046,0.00797055578646084,1.0,117.31458001745763,0.9999999995204362,0.9999999998866046,0.00797055578646084,1.0,1066.77,5,0.0,0.0,False
feedback_iterations,c3_s2027_k1_p0.0000_noise_10,3,2027,0.0,0.0,10,dcs_paper_style,ok,6.010320915263994e-07,-6.010320915263994e-07,0.0,0.0,0.0,1.1866527015874693e-07,1.1866527015874693e-07,123.2858531728145,0.999999999890973,0.9999999999713006,0.0020154001671728672,1.0,123.2858531728145,0.999999999890973,0.9999999999713006,0.0020154001671728672,1.0,2300.19,25,0.0,0.0,False
feedback_iterations,c3_s2027_k1_p0.0080_noise_10,3,2027,0.008,0.0,10,dcs_paper_iter_1,ok,0.006880829111163276,-0.006880829111163276,13.944333775567927,7.666666666666667,16.0,0.006340447389421697,0.002684335905032465,32.77126286283539,0.9639784161332271,0.9676342028175617,2268925.944882903,1.0,44.65441736764206,0.9927618511989003,0.997903777536192,147063.49090029698,1.0,901.54,1,13.820274961085254,7.611111111111111,False
feedback_iterations,c3_s2027_k1_p0.0080_noise_10,3,2027,0.008,0.0,10,dcs_paper_iter_10,ok,0.002970574677626469,-0.002970574677626469,6.429100507328637,3.5555555555555554,8.0,0.003263349404038778,0.0017098597790835737,38.397759430647305,0.9800428121806508,0.9911482470852145,621113.0647410644,1.0,51.062486137684246,0.9977770314826312,0.9995212450151039,33627.764223734535,1.0,1187.65,10,13.820274961085254,7.611111111111111,False
feedback_iterations,c3_s2027_k1_p0.0080_noise_10,3,2027,0.008,0.0,10,dcs_paper_iter_2,ok,0.006031452032906402,-0.006031452032906402,13.466006584482772,7.444444444444445,15.0,0.005760127167074552,0.003073533818938886,33.005442710646975,0.9650628481633232,0.9693415347627439,2149821.1762055415,1.0,45.51730478144841,0.9937648187634142,0.9982820204816449,120563.57833465868,1.0,911.41,2,13.820274961085254,7.611111111111111,False
feedback_iterations,c3_s2027_k1_p0.0080_noise_10,3,2027,0.008,0.0,10,dcs_paper_iter_5,ok,0.004291363208821525,-0.004291363208821525,9.637888196533973,5.333333333333333,11.0,0.004317370741010662,0.002504285863930505,35.43617666861003,0.9729240232959883,0.9824897527428028,1228369.2628364637,1.0,48.183747425177955,0.9960993087206216,0.9990707982584539,65248.70025525128,1.0,1010.53,5,13.820274961085254,7.611111111111111,False
feedback_iterations,c3_s2027_k1_p0.0080_noise_10,3,2027,0.008,0.0,10,dcs_paper_style,ok,0.0020332130482965697,-0.0020332130482965697,3.7564758898615485,2.0555555555555554,5.0,0.0023708450365454974,0.0011097980861805416,42.240487114223825,0.986775908024372,0.9963463830736885,256388.11897535893,1.0,54.129657858395,0.9988116625655294,0.9997637890934167,16595.13622214973,1.0,2188.54,25,13.820274961085254,7.611111111111111,False
prestitch,c0_s2026_k1_m0.0080_noise_00,0,2026,-0.008,0.0,0,dcs_paper_no_prestitch,ok,0.003199264415275704,0.003199264415275704,7.32575365861197,4.055555555555555,8.0,0.0025177757299667345,0.0014009156626205485,36.820351651814214,0.9828492511717971,0.9813962849461861,893123.3470186531,0.9940683566630822,56.12401838211281,0.9990301061774878,0.9997816258118395,10484.428669186109,1.0,659.05,25,0.0,0.0,False
prestitch,c0_s2026_k1_m0.0080_noise_00,0,2026,-0.008,0.0,0,dcs_paper_style,ok,0.002597055028602099,0.002597055028602099,5.5677643628300215,3.1666666666666665,6.0,0.0021274187366256488,0.0011079303571138524,38.59295109173856,0.9873174043252968,0.9876330349524155,593815.457377481,0.9952032785224313,57.689346402680584,0.9992781803329702,0.9998477180710463,7311.592307664493,1.0,898.45,25,12.978614889287858,7.222222222222222,False
prestitch,c0_s2026_k1_m0.0080_noise_00,0,2026,-0.008,0.0,0,sequential_paper_matched,ok,0.005380202677150277,0.005380202677150277,8.787617550976046,4.833333333333333,10.0,0.0038744456879953415,0.001443392579896437,35.33007720027733,0.978173034694091,0.9737716427453502,1258748.2723965724,0.9925606922706727,52.19555492550589,0.9980912104000337,0.9994603343350437,25905.44846233631,1.0,430.35,1,12.978614889287858,7.222222222222222,False
prestitch,c0_s2026_k1_m0.0080_noise_00,0,2026,-0.008,0.0,0,sequential_paper_no_prestitch,ok,1.2453783209962974e-05,1.2453783209962974e-05,0.0,0.0,0.0,0.00010392151972032951,0.00010392151972032951,73.0109037147069,0.9999549442465105,0.9999955302212692,214.71195982555074,1.0,73.0109037147069,0.9999549442465105,0.9999955302212692,214.71195982555074,1.0,25.95,1,0.0,0.0,False
prestitch,c0_s2026_k1_m0.0080_noise_10,0,2026,-0.008,0.0,10,dcs_paper_no_prestitch,ok,0.002724380738753208,0.002724380738753208,5.70574758954123,3.2777777777777777,7.0,0.0022118048088486117,0.0010378206988077875,38.43618674473423,0.9869903373445729,0.9871786442134328,615641.5643539184,0.9950828208003574,57.327752643502905,0.9992265038686057,0.999834494276104,7946.4168466096835,1.0,679.67,25,7.401201103724839,4.388888888888889,False
prestitch,c0_s2026_k1_m0.0080_noise_10,0,2026,-0.008,0.0,10,dcs_paper_style,ok,0.002597055028602099,0.002597055028602099,5.5677643628300215,3.1666666666666665,6.0,0.0021274187366256488,0.0011079303571138524,38.59295109173856,0.9873174043252968,0.9876330349524155,593815.457377481,0.9952032785224313,57.689346402680584,0.9992781803329702,0.9998477180710463,7311.592307664493,1.0,1233.34,25,12.978614889287858,7.222222222222222,False
prestitch,c0_s2026_k1_m0.0080_noise_10,0,2026,-0.008,0.0,10,sequential_paper_matched,ok,0.005380202677150277,0.005380202677150277,8.787617550976046,4.833333333333333,10.0,0.0038744456879953415,0.001443392579896437,35.33007720027733,0.978173034694091,0.9737716427453502,1258748.2723965724,0.9925606922706727,52.19555492550589,0.9980912104000337,0.9994603343350437,25905.44846233631,1.0,472.04,1,12.978614889287858,7.222222222222222,False
prestitch,c0_s2026_k1_m0.0080_noise_10,0,2026,-0.008,0.0,10,sequential_paper_no_prestitch,ok,0.0009294243108788599,0.0009294243108788599,1.8257418583505538,1.0,2.0,0.0008811103182044044,0.0002993777268437278,46.0757802084122,0.9964036307243127,0.9977924242111803,106015.30977571441,0.9984831249812909,65.48967658976106,0.9998459862714728,0.9999747311218256,1213.3300356023087,1.0,25.11,1,7.401201103724839,4.388888888888889,False
prestitch,c0_s2026_k1_p0.0000_noise_00,0,2026,0.0,0.0,0,dcs_paper_no_prestitch,ok,4.917672419540378e-07,-4.917672419540378e-07,0.0,0.0,0.0,1.4737637048234438e-09,1.4737637048234438e-09,143.17229566012776,0.9999999999978653,0.9999999999995709,2.0687930165031398e-05,1.0,143.17229566012776,0.9999999999978653,0.9999999999995709,2.0687930165031398e-05,1.0,605.75,25,0.0,0.0,False
prestitch,c0_s2026_k1_p0.0000_noise_00,0,2026,0.0,0.0,0,dcs_paper_style,ok,4.917672419540378e-07,-4.917672419540378e-07,0.0,0.0,0.0,1.4737637048234438e-09,1.4737637048234438e-09,143.17229566012776,0.9999999999978653,0.9999999999995709,2.0687930165031398e-05,1.0,143.17229566012776,0.9999999999978653,0.9999999999995709,2.0687930165031398e-05,1.0,817.7,25,0.0,0.0,False
prestitch,c0_s2026_k1_p0.0000_noise_00,0,2026,0.0,0.0,0,sequential_paper_matched,ok,1.0626767011106717e-06,-1.0626767011106717e-06,0.0,0.0,0.0,1.4180881870856693e-07,1.4180881870856693e-07,127.00315891753027,0.9999999999069601,0.9999999999821862,0.0008563094085396322,1.0,127.00315891753027,0.9999999999069601,0.9999999999821862,0.0008563094085396322,1.0,418.46,1,0.0,0.0,False
prestitch,c0_s2026_k1_p0.0000_noise_00,0,2026,0.0,0.0,0,sequential_paper_no_prestitch,ok,1.0626767011106717e-06,-1.0626767011106717e-06,0.0,0.0,0.0,1.4180881870856693e-07,1.4180881870856693e-07,127.00315891753027,0.9999999999069601,0.9999999999821862,0.0008563094085396322,1.0,127.00315891753027,0.9999999999069601,0.9999999999821862,0.0008563094085396322,1.0,25.67,1,0.0,0.0,False
prestitch,c0_s2026_k1_p0.0000_noise_10,0,2026,0.0,0.0,10,dcs_paper_no_prestitch,ok,5.18905898541407e-05,-5.18905898541407e-05,1.2018504251546631,0.6111111111111112,2.0,6.343548406592008e-05,0.001409119721048613,49.51240529141892,0.9981192718061209,0.9989992164248211,48051.403632056375,0.9996281209631552,89.14361023648488,0.9999995881169856,0.9999998910916735,5.231010404985482,1.0,683.11,25,7.401201103724839,4.388888888888889,False
prestitch,c0_s2026_k1_p0.0000_noise_10,0,2026,0.0,0.0,10,dcs_paper_style,ok,4.917672419540378e-07,-4.917672419540378e-07,0.0,0.0,0.0,1.4737637048234438e-09,1.4737637048234438e-09,143.17229566012776,0.9999999999978653,0.9999999999995709,2.0687930165031398e-05,1.0,143.17229566012776,0.9999999999978653,0.9999999999995709,2.0687930165031398e-05,1.0,509.46,25,0.0,0.0,False
prestitch,c0_s2026_k1_p0.0000_noise_10,0,2026,0.0,0.0,10,sequential_paper_matched,ok,1.0626767011106717e-06,-1.0626767011106717e-06,0.0,0.0,0.0,1.4180881870856693e-07,1.4180881870856693e-07,127.00315891753027,0.9999999999069601,0.9999999999821862,0.0008563094085396322,1.0,127.00315891753027,0.9999999999069601,0.9999999999821862,0.0008563094085396322,1.0,475.4,1,0.0,0.0,False
prestitch,c0_s2026_k1_p0.0000_noise_10,0,2026,0.0,0.0,10,sequential_paper_no_prestitch,ok,0.0008303920746744547,0.0008303920746744547,1.8257418583505538,1.0,2.0,0.0008051361071216873,0.00034781959182049146,46.07023080146913,0.9963534046282927,0.9977895250797986,106150.86253064692,0.9984831249812909,66.51327757303633,0.9999105024513378,0.9999800399351844,958.5590023186312,1.0,25.57,1,7.401201103724839,4.388888888888889,False
prestitch,c0_s2026_k1_p0.0080_noise_00,0,2026,0.008,0.0,0,dcs_paper_no_prestitch,ok,0.0033674536047984018,-0.0033674536047984018,7.187952884282608,3.9444444444444446,8.0,0.0025283510762256615,0.001132326653976686,38.01694237062522,0.9865409302144366,0.9858862450225805,678035.4025608464,1.0,56.040900622018256,0.9990126652098078,0.9997775468066532,10687.018109782319,1.0,589.76,25,0.0,0.0,False
prestitch,c0_s2026_k1_p0.0080_noise_00,0,2026,0.008,0.0,0,dcs_paper_style,ok,0.003390130054998627,-0.003390130054998627,7.086763875156433,3.888888888888889,8.0,0.0025417164209293416,0.0011818800926700146,38.034800296052836,0.9867607579911944,0.9859448831613833,675253.0864281068,1.0,55.9907416358049,0.9990035034971713,0.9997749635169664,10811.163714223194,1.0,522.81,25,12.556538801224908,6.944444444444445,False
prestitch,c0_s2026_k1_p0.0080_noise_00,0,2026,0.008,0.0,0,sequential_paper_matched,ok,0.005212359827298079,-0.005212359827298079,8.595864638818417,4.722222222222222,10.0,0.003635694439466398,0.0011616778171873357,36.545643720229826,0.9835539240915946,0.9802053264528301,951441.8175365205,1.0,52.73706227456139,0.9982513711897913,0.9995241066184712,22868.642223709274,1.0,478.94,1,12.556538801224908,6.944444444444445,False
prestitch,c0_s2026_k1_p0.0080_noise_00,0,2026,0.008,0.0,0,sequential_paper_no_prestitch,ok,7.182452004202838e-06,-7.182452004202838e-06,0.0,0.0,0.0,9.311233628690426e-05,9.311233628690426e-05,73.44418809003383,0.9999596271452486,0.9999959530438566,194.32460720636524,1.0,73.44418809003383,0.9999596271452486,0.9999959530438566,194.32460720636524,1.0,28.45,1,0.0,0.0,False
prestitch,c0_s2026_k1_p0.0080_noise_10,0,2026,0.008,0.0,10,dcs_paper_no_prestitch,ok,0.0027358153781665926,-0.0027358153781665926,5.217491947499509,2.9444444444444446,6.0,0.002141042808735287,0.001100402014634047,40.60294271927411,0.9903820535640386,0.9922182255098559,373811.2225395361,1.0,57.59807579418541,0.9992638787102865,0.9998445688436379,7466.8775286767095,1.0,665.38,25,7.401201103724839,4.388888888888889,False
prestitch,c0_s2026_k1_p0.0080_noise_10,0,2026,0.008,0.0,10,dcs_paper_style,ok,0.003390130054998627,-0.003390130054998627,7.086763875156433,3.888888888888889,8.0,0.0025417164209293416,0.0011818800926700146,38.034800296052836,0.9867607579911944,0.9859448831613833,675253.0864281068,1.0,55.9907416358049,0.9990035034971713,0.9997749635169664,10811.163714223194,1.0,544.36,25,12.556538801224908,6.944444444444445,False
prestitch,c0_s2026_k1_p0.0080_noise_10,0,2026,0.008,0.0,10,sequential_paper_matched,ok,0.005212359827298079,-0.005212359827298079,8.595864638818417,4.722222222222222,10.0,0.003635694439466398,0.0011616778171873357,36.545643720229826,0.9835539240915946,0.9802053264528301,951441.8175365205,1.0,52.73706227456139,0.9982513711897913,0.9995241066184712,22868.642223709274,1.0,521.69,1,12.556538801224908,6.944444444444445,False
prestitch,c0_s2026_k1_p0.0080_noise_10,0,2026,0.008,0.0,10,sequential_paper_no_prestitch,ok,0.0009969795522920006,0.0009969795522920006,1.8257418583505538,1.0,2.0,0.0009155421325593991,0.00028220780554139317,46.07693552444285,0.9964021262410465,0.997792907187182,105987.11119108545,0.9984831249812909,65.29633513280103,0.9998419410073187,0.9999735855751406,1268.566078742076,1.0,25.39,1,7.401201103724839,4.388888888888889,False
prestitch,c0_s2027_k1_m0.0080_noise_10,0,2027,-0.008,0.0,10,dcs_paper_no_prestitch,ok,0.002749680063501533,0.002749680063501533,5.333333333333333,3.0,6.0,0.002228434103487749,0.0011536845466059641,38.91776609777273,0.9878624999254847,0.9885245566758729,551023.3436294125,0.9953405744207092,57.25814848088585,0.9992161786675671,0.9998318199866344,8074.799722810519,1.0,719.68,25,13.572848714334889,8.0,False
prestitch,c0_s2027_k1_m0.0080_noise_10,0,2027,-0.008,0.0,10,dcs_paper_style,ok,0.002597055028602099,0.002597055028602099,5.5677643628300215,3.1666666666666665,6.0,0.0021274187366256488,0.0011079303571138524,38.59295109173856,0.9873174043252968,0.9876330349524155,593815.457377481,0.9952032785224313,57.689346402680584,0.9992781803329702,0.9998477180710463,7311.592307664493,1.0,614.15,25,12.978614889287858,7.222222222222222,False
prestitch,c0_s2027_k1_m0.0080_noise_10,0,2027,-0.008,0.0,10,sequential_paper_matched,ok,0.005380202677150277,0.005380202677150277,8.787617550976046,4.833333333333333,10.0,0.0038744456879953415,0.001443392579896437,35.33007720027733,0.978173034694091,0.9737716427453502,1258748.2723965724,0.9925606922706727,52.19555492550589,0.9980912104000337,0.9994603343350437,25905.44846233631,1.0,599.92,1,12.978614889287858,7.222222222222222,False
prestitch,c0_s2027_k1_m0.0080_noise_10,0,2027,-0.008,0.0,10,sequential_paper_no_prestitch,ok,0.001954592182028484,0.001954592182028484,3.6514837167011076,2.0,4.0,0.0016862562504174573,0.0005078382074295347,41.58334165138015,0.9921511810855826,0.9937884391192703,298271.9698482143,0.9969674012908692,59.87501199205249,0.9995284175693618,0.9999079453982828,4420.235501493777,1.0,31.37,1,13.572848714334889,8.0,False
prestitch,c0_s2027_k1_p0.0000_noise_10,0,2027,0.0,0.0,10,dcs_paper_no_prestitch,ok,2.818762983215339e-06,-2.818762983215339e-06,1.2018504251546631,0.6111111111111112,2.0,1.6578750002445356e-06,0.0012563365563214048,50.108496518721395,0.9980001008674863,0.9991276853717301,41888.707065458046,0.9994993161109973,114.68129961529081,0.9999999985785506,0.9999999996956176,0.014615599908239135,1.0,708.0,25,13.572848714334889,8.0,False
prestitch,c0_s2027_k1_p0.0000_noise_10,0,2027,0.0,0.0,10,dcs_paper_style,ok,4.917672419540378e-07,-4.917672419540378e-07,0.0,0.0,0.0,1.4737637048234438e-09,1.4737637048234438e-09,143.17229566012776,0.9999999999978653,0.9999999999995709,2.0687930165031398e-05,1.0,143.17229566012776,0.9999999999978653,0.9999999999995709,2.0687930165031398e-05,1.0,588.0,25,0.0,0.0,False
prestitch,c0_s2027_k1_p0.0000_noise_10,0,2027,0.0,0.0,10,sequential_paper_matched,ok,1.0626767011106717e-06,-1.0626767011106717e-06,0.0,0.0,0.0,1.4180881870856693e-07,1.4180881870856693e-07,127.00315891753027,0.9999999999069601,0.9999999999821862,0.0008563094085396322,1.0,127.00315891753027,0.9999999999069601,0.9999999999821862,0.0008563094085396322,1.0,562.24,1,0.0,0.0,False
prestitch,c0_s2027_k1_p0.0000_noise_10,0,2027,0.0,0.0,10,sequential_paper_no_prestitch,ok,0.0027106702661292884,0.0027106702661292884,4.714045207910317,2.5555555555555554,6.0,0.0021567946681316447,0.0007549501635031755,39.95175752400042,0.9896180361007578,0.9909551968985982,434281.02594163304,0.9960850520745784,57.512681410987184,0.9992554984278526,0.9998413987508487,7615.1500723591835,1.0,34.6,1,13.572848714334889,8.0,False
prestitch,c0_s2027_k1_p0.0080_noise_10,0,2027,0.008,0.0,10,dcs_paper_no_prestitch,ok,0.002670915659517919,-0.002670915659517919,5.792715732327589,3.3333333333333335,7.0,0.0020999705426294033,0.001072435668117211,39.71898589197424,0.9893654816499162,0.9904614870952256,458192.5445673474,0.9997495860974807,57.779978805551025,0.9992891803177181,0.999850945159302,7160.588669530068,1.0,798.54,25,13.572848714334889,8.0,False
prestitch,c0_s2027_k1_p0.0080_noise_10,0,2027,0.008,0.0,10,dcs_paper_style,ok,0.003390130054998627,-0.003390130054998627,7.086763875156433,3.888888888888889,8.0,0.0025417164209293416,0.0011818800926700146,38.034800296052836,0.9867607579911944,0.9859448831613833,675253.0864281068,1.0,55.9907416358049,0.9990035034971713,0.9997749635169664,10811.163714223194,1.0,609.52,25,12.556538801224908,6.944444444444445,False
prestitch,c0_s2027_k1_p0.0080_noise_10,0,2027,0.008,0.0,10,sequential_paper_matched,ok,0.005212359827298079,-0.005212359827298079,8.595864638818417,4.722222222222222,10.0,0.003635694439466398,0.0011616778171873357,36.545643720229826,0.9835539240915946,0.9802053264528301,951441.8175365205,1.0,52.73706227456139,0.9982513711897913,0.9995241066184712,22868.642223709274,1.0,570.21,1,12.556538801224908,6.944444444444445,False
prestitch,c0_s2027_k1_p0.0080_noise_10,0,2027,0.008,0.0,10,sequential_paper_no_prestitch,ok,0.0020703382264055225,0.0020703382264055225,3.6514837167011076,2.0,4.0,0.0017035873840831354,0.00048389851847029347,41.58386515559016,0.9921496909440705,0.9937891047850941,298236.01792440045,0.9969674012908692,59.74251253144971,0.9995135275045888,0.9999050951804148,4557.17130791685,1.0,33.34,1,13.572848714334889,8.0,False
prestitch,c1_s2026_k1_m0.0080_noise_00,1,2026,-0.008,0.0,0,dcs_paper_no_prestitch,ok,0.0028034973705716656,0.0028034973705716656,5.6075346137535735,3.0555555555555554,7.0,0.003951489524024715,0.0016363731625094408,34.74394743696255,0.9831148523730077,0.9779895767980843,1440628.041059258,0.9953322272906252,54.576109505167636,0.998724221397582,0.9997706871166224,14973.925119640999,1.0,722.87,25,0.0,0.0,False
prestitch,c1_s2026_k1_m0.0080_noise_00,1,2026,-0.008,0.0,0,dcs_paper_style,ok,0.0025289784637208155,0.0025289784637208155,5.773502691896258,3.2222222222222223,7.0,0.003618775086296616,0.001781680900448858,34.66293391022587,0.9827564864046748,0.977573383201775,1467753.8103844444,0.9953322272906252,55.354974968929255,0.9988960839602706,0.9998083360271848,12515.526111495927,1.0,610.95,25,14.247806848775006,7.833333333333333,False
prestitch,c1_s2026_k1_m0.0080_noise_00,1,2026,-0.008,0.0,0,sequential_paper_matched,ok,0.005679854765071393,0.005679854765071393,10.23067283548187,5.666666666666667,11.0,0.007401985903797317,0.0021326329836589483,30.995946681521353,0.9680458837105135,0.9479007398723731,3414695.163076675,0.9916714350846572,49.20792579593354,0.9969088876938884,0.9992106584246335,51541.14092338292,1.0,571.39,1,14.247806848775006,7.833333333333333,False
prestitch,c1_s2026_k1_m0.0080_noise_00,1,2026,-0.008,0.0,0,sequential_paper_no_prestitch,ok,4.669000652095245e-06,4.669000652095245e-06,0.0,0.0,0.0,0.00014347750130931351,0.00014347750130931351,70.11045586750775,0.999912549770319,0.9999935888453967,418.6981295574611,1.0,70.11045586750775,0.999912549770319,0.9999935888453967,418.6981295574611,1.0,26.18,1,0.0,0.0,False
prestitch,c1_s2026_k1_m0.0080_noise_10,1,2026,-0.008,0.0,10,dcs_paper_no_prestitch,ok,0.002683861794817723,0.002683861794817723,4.988876515698588,2.7777777777777777,6.0,0.0038073866010661472,0.0021231645851292405,35.40831459847551,0.9848853014251437,0.9811110288201856,1236275.1727032666,0.9957149000301648,54.90541468329344,0.9987994924623389,0.9997874325122165,13880.5009188859,1.0,754.54,25,11.986103064243467,6.166666666666667,False
prestitch,c1_s2026_k1_m0.0080_noise_10,1,2026,-0.008,0.0,10,dcs_paper_style,ok,0.0027320694186969323,0.0027320694186969323,5.32290647422377,2.9444444444444446,6.0,0.0038655736850761457,0.0016595163729201806,35.08949109927379,0.9839153869520676,0.9796699096953154,1330446.7519460975,0.9955817776969289,54.770956905531776,0.9987692321212274,0.9997807483046507,14316.963474191034,1.0,626.84,25,14.487542541400487,7.944444444444445,False
prestitch,c1_s2026_k1_m0.0080_noise_10,1,2026,-0.008,0.0,10,sequential_paper_matched,ok,0.006097152142422469,0.006097152142422469,10.954451150103322,6.0,12.0,0.00790347592475332,0.0023530478899264798,30.52384527671456,0.9655495434132232,0.9419407265159341,3806817.69947224,0.9909160198120571,48.68028201078167,0.9966632075712113,0.9991087019367266,58199.3864769081,1.0,601.7,1,14.487542541400487,7.944444444444445,False
prestitch,c1_s2026_k1_m0.0080_noise_10,1,2026,-0.008,0.0,10,sequential_paper_no_prestitch,ok,0.002811898422259044,-0.002811898422259044,5.477225575051661,3.0,6.0,0.0039203064307135604,0.0013991570871285412,38.20380425232154,0.9870544764388428,0.990036972452261,649480.5986262711,1.0,54.52823746552841,0.9987225280728748,0.999768134521321,15139.894922395797,1.0,30.86,1,11.986103064243467,6.166666666666667,False
prestitch,c1_s2026_k1_p0.0000_noise_00,1,2026,0.0,0.0,0,dcs_paper_no_prestitch,ok,1.0675245962478611e-06,-1.0675245962478611e-06,0.0,0.0,0.0,4.953483563434353e-07,4.953483563434353e-07,124.43823028852916,0.9999999998402788,0.9999999999763487,0.001545694204904198,1.0,124.43823028852916,0.9999999998402788,0.9999999999763487,0.001545694204904198,1.0,703.26,25,0.0,0.0,False
prestitch,c1_s2026_k1_p0.0000_noise_00,1,2026,0.0,0.0,0,dcs_paper_style,ok,1.0675245962478611e-06,-1.0675245962478611e-06,0.0,0.0,0.0,4.953483563434353e-07,4.953483563434353e-07,124.43823028852916,0.9999999998402788,0.9999999999763487,0.001545694204904198,1.0,124.43823028852916,0.9999999998402788,0.9999999999763487,0.001545694204904198,1.0,632.24,25,0.0,0.0,False
prestitch,c1_s2026_k1_p0.0000_noise_00,1,2026,0.0,0.0,0,sequential_paper_matched,ok,1.2767622049877437e-06,-1.2767622049877437e-06,0.0,0.0,0.0,7.820226888520549e-07,7.820226888520549e-07,121.7981077495921,0.9999999997065905,0.9999999999565375,0.002838806771997854,1.0,121.7981077495921,0.9999999997065905,0.9999999999565375,0.002838806771997854,1.0,615.81,1,0.0,0.0,False
prestitch,c1_s2026_k1_p0.0000_noise_00,1,2026,0.0,0.0,0,sequential_paper_no_prestitch,ok,1.2767622049877437e-06,-1.2767622049877437e-06,0.0,0.0,0.0,7.820226888520549e-07,7.820226888520549e-07,121.7981077495921,0.9999999997065905,0.9999999999565375,0.002838806771997854,1.0,121.7981077495921,0.9999999997065905,0.9999999999565375,0.002838806771997854,1.0,30.61,1,0.0,0.0,False
prestitch,c1_s2026_k1_p0.0000_noise_10,1,2026,0.0,0.0,10,dcs_paper_no_prestitch,ok,6.656453437909002e-05,-6.656453437909002e-05,1.0540925533894598,0.5555555555555556,1.0,0.00013869890437218487,0.002312750960967719,48.60235121333631,0.9972361570985023,0.9990926385853014,59253.15587419225,0.9998749369647763,84.5055445912888,0.9999990132193813,0.9999997669319259,15.219211358832185,1.0,737.01,25,11.986103064243467,6.166666666666667,False
prestitch,c1_s2026_k1_p0.0000_noise_10,1,2026,0.0,0.0,10,dcs_paper_style,ok,1.0675245962478611e-06,-1.0675245962478611e-06,0.0,0.0,0.0,4.953483563434353e-07,4.953483563434353e-07,124.43823028852916,0.9999999998402788,0.9999999999763487,0.001545694204904198,1.0,124.43823028852916,0.9999999998402788,0.9999999999763487,0.001545694204904198,1.0,653.24,25,0.0,0.0,False
prestitch,c1_s2026_k1_p0.0000_noise_10,1,2026,0.0,0.0,10,sequential_paper_matched,ok,1.2767622049877437e-06,-1.2767622049877437e-06,0.0,0.0,0.0,7.820226888520549e-07,7.820226888520549e-07,121.7981077495921,0.9999999997065905,0.9999999999565375,0.002838806771997854,1.0,121.7981077495921,0.9999999997065905,0.9999999999565375,0.002838806771997854,1.0,648.25,1,0.0,0.0,False
prestitch,c1_s2026_k1_p0.0000_noise_10,1,2026,0.0,0.0,10,sequential_paper_no_prestitch,ok,0.002897651630820966,-0.002897651630820966,5.477225575051661,3.0,6.0,0.003948195662144435,0.0013983092197150668,38.197823763263685,0.9869828685103706,0.9900232813438058,650375.5874867472,1.0,54.45537854408901,0.9986969309367227,0.9997642133620903,15396.030157821204,1.0,28.89,1,11.986103064243467,6.166666666666667,False
prestitch,c1_s2026_k1_p0.0080_noise_00,1,2026,0.008,0.0,0,dcs_paper_no_prestitch,ok,0.0034819929828815406,-0.0034819929828815406,7.702813338860896,4.333333333333333,9.0,0.00454626862374452,0.0022743725773859613,35.493115149447405,0.9819674194267256,0.9813869440057043,1212369.7524978286,0.9997495860974807,53.25774227486108,0.9983776478258939,0.9996893465659947,20284.877065267072,1.0,672.15,25,0.0,0.0,False
prestitch,c1_s2026_k1_p0.0080_noise_00,1,2026,0.008,0.0,0,dcs_paper_style,ok,0.003451685610125049,-0.003451685610125049,7.593857166596345,4.277777777777778,9.0,0.004513825899136468,0.002248910857032204,35.58568240397912,0.9821910062081693,0.9817802578796772,1186802.2667500556,0.9997495860974807,53.32404208764408,0.998396303917012,0.9996940531065766,19977.55793361614,1.0,631.38,25,14.204850501775011,7.888888888888889,False
prestitch,c1_s2026_k1_p0.0080_noise_00,1,2026,0.008,0.0,0,sequential_paper_matched,ok,0.0056622617132164235,-0.0056622617132164235,9.504384952922168,5.166666666666667,11.0,0.007063008516162127,0.0020238389196411146,33.78290921293087,0.9774593640822704,0.9723737616094235,1797445.3143450306,1.0,49.560719714721074,0.9970792222123586,0.9992722008433235,47519.803493491614,1.0,607.67,1,14.204850501775011,7.888888888888889,False
prestitch,c1_s2026_k1_p0.0080_noise_00,1,2026,0.008,0.0,0,sequential_paper_no_prestitch,ok,7.337324101901188e-06,7.337324101901188e-06,0.0,0.0,0.0,0.00012878516884904216,0.00012878516884904216,70.55658031773422,0.9999216889207933,0.9999942140119031,377.8231597798286,1.0,70.55658031773422,0.9999216889207933,0.9999942140119031,377.8231597798286,1.0,31.0,1,0.0,0.0,False
prestitch,c1_s2026_k1_p0.0080_noise_10,1,2026,0.008,0.0,10,dcs_paper_no_prestitch,ok,0.003697851035514746,-0.003697851035514746,7.094598884597588,3.9444444444444446,8.0,0.004774741080022252,0.0023660394620323767,36.13780778856275,0.9832902268373044,0.9839561207887035,1045119.2057511539,1.0,52.800188285158654,0.9982445771958667,0.9996548296914247,22538.643746907605,1.0,757.27,25,11.986103064243467,6.166666666666667,False
prestitch,c1_s2026_k1_p0.0080_noise_10,1,2026,0.008,0.0,10,dcs_paper_style,ok,0.0035282015752797855,-0.0035282015752797855,7.187952884282608,3.9444444444444446,8.0,0.004595505486191284,0.00207581659738513,36.08662113275954,0.9831810756875967,0.9837660561388251,1057510.0278157427,1.0,53.157700681124695,0.9983491837835677,0.9996821072780577,20757.57135094415,1.0,675.74,25,14.071247279470288,7.777777777777778,False
prestitch,c1_s2026_k1_p0.0080_noise_10,1,2026,0.008,0.0,10,sequential_paper_matched,ok,0.00593531756540272,-0.00593531756540272,10.837178804672572,5.944444444444445,12.0,0.007378284672144823,0.002344000419741123,32.7890344589813,0.9739334887942879,0.9652522868703675,2259660.3316332903,1.0,49.21254333616517,0.9969280759186065,0.9992114386965149,51486.370064903254,1.0,641.53,1,14.071247279470288,7.777777777777778,False
prestitch,c1_s2026_k1_p0.0080_noise_10,1,2026,0.008,0.0,10,sequential_paper_no_prestitch,ok,0.0030665586158841246,-0.0030665586158841246,4.96655480858378,2.6666666666666665,6.0,0.0040904199184662385,0.0012563239997615435,38.92661740823626,0.9882548261136678,0.9915666777787704,549901.452355265,1.0,54.218299670649856,0.9986324834756306,0.9997509880694846,16259.853954852244,1.0,31.68,1,11.986103064243467,6.166666666666667,False
prestitch,c1_s2027_k1_m0.0080_noise_10,1,2027,-0.008,0.0,10,dcs_paper_no_prestitch,ok,0.0033446432974018293,0.0033446432974018293,7.630348761506398,4.444444444444445,9.0,0.004587529913691507,0.0023903943470791993,32.951332488838695,0.9770658372817916,0.9667617069894194,2176774.086105776,0.9938231237378564,53.2426672139917,0.9983786706283483,0.9996882674734217,20355.411487653226,1.0,847.4,25,10.290232693622087,5.944444444444445,False
prestitch,c1_s2027_k1_m0.0080_noise_10,1,2027,-0.008,0.0,10,dcs_paper_style,ok,0.0025289784637208155,0.0025289784637208155,5.773502691896258,3.2222222222222223,7.0,0.003618775086296616,0.001781680900448858,34.66293391022587,0.9827564864046748,0.977573383201775,1467753.8103844444,0.9953322272906252,55.354974968929255,0.9988960839602706,0.9998083360271848,12515.526111495927,1.0,708.26,25,14.247806848775006,7.833333333333333,False
prestitch,c1_s2027_k1_m0.0080_noise_10,1,2027,-0.008,0.0,10,sequential_paper_matched,ok,0.005679854765071393,0.005679854765071393,10.23067283548187,5.666666666666667,11.0,0.007401985903797317,0.0021326329836589483,30.995946681521353,0.9680458837105135,0.9479007398723731,3414695.163076675,0.9916714350846572,49.20792579593354,0.9969088876938884,0.9992106584246335,51541.14092338292,1.0,704.3,1,14.247806848775006,7.833333333333333,False
prestitch,c1_s2027_k1_m0.0080_noise_10,1,2027,-0.008,0.0,10,sequential_paper_no_prestitch,ok,0.0017238511476049476,-0.0017238511476049476,3.2317865716108862,1.7777777777777777,4.0,0.0025848493907814547,0.0012904253030476124,42.349008610837345,0.9922097284504657,0.9961678919161,250060.87496628365,1.0,58.27989329765288,0.9993716108852951,0.9999022623993478,6382.007022904669,1.0,31.83,1,10.290232693622087,5.944444444444445,False
prestitch,c1_s2027_k1_p0.0000_noise_10,1,2027,0.0,0.0,10,dcs_paper_no_prestitch,ok,4.1218019125655253e-05,-4.1218019125655253e-05,1.247219128924647,0.6666666666666666,2.0,8.658623768274146e-05,0.0022425632975771447,45.97439244257231,0.9968462904079284,0.9983384459340672,108519.394846626,0.9996245230622569,88.58779280751214,0.9999996114908867,0.9999999089545756,5.945211740785344,1.0,716.92,25,10.290232693622087,5.944444444444445,False
prestitch,c1_s2027_k1_p0.0000_noise_10,1,2027,0.0,0.0,10,dcs_paper_style,ok,1.0675245962478611e-06,-1.0675245962478611e-06,0.0,0.0,0.0,4.953483563434353e-07,4.953483563434353e-07,124.43823028852916,0.9999999998402788,0.9999999999763487,0.001545694204904198,1.0,124.43823028852916,0.9999999998402788,0.9999999999763487,0.001545694204904198,1.0,723.83,25,0.0,0.0,False
prestitch,c1_s2027_k1_p0.0000_noise_10,1,2027,0.0,0.0,10,sequential_paper_matched,ok,1.2767622049877437e-06,-1.2767622049877437e-06,0.0,0.0,0.0,7.820226888520549e-07,7.820226888520549e-07,121.7981077495921,0.9999999997065905,0.9999999999565375,0.002838806771997854,1.0,121.7981077495921,0.9999999997065905,0.9999999999565375,0.002838806771997854,1.0,705.08,1,0.0,0.0,False
prestitch,c1_s2027_k1_p0.0000_noise_10,1,2027,0.0,0.0,10,sequential_paper_no_prestitch,ok,0.0017924953011864368,-0.0017924953011864368,3.5433819375782165,1.9444444444444444,4.0,0.0025441907064382174,0.0012243685316042177,41.684816465414784,0.9913175330160495,0.9955341472247334,291383.5036189466,1.0,58.221056935273126,0.9994088210760526,0.9999009304148613,6469.056049674275,1.0,31.64,1,10.290232693622087,5.944444444444445,False
prestitch,c1_s2027_k1_p0.0080_noise_10,1,2027,0.008,0.0,10,dcs_paper_no_prestitch,ok,0.003483061735226425,-0.003483061735226425,6.489307444643929,3.611111111111111,8.0,0.00454739316003514,0.002288425529461081,36.90671057436315,0.9846942675291956,0.9865637641409679,875539.1089347709,1.0,53.25541632253615,0.9983769903922223,0.9996891801362725,20295.743952998964,1.0,805.47,25,10.290232693622087,5.944444444444445,False
prestitch,c1_s2027_k1_p0.0080_noise_10,1,2027,0.008,0.0,10,dcs_paper_style,ok,0.0035339654651101874,-0.0035339654651101874,7.31057073315377,4.055555555555555,8.0,0.004601681429455949,0.002033101388012416,35.93115454892127,0.9828773357857995,0.9831743054832524,1096051.9842673568,0.9998753687128841,53.1452885727856,0.9983456365849668,0.9996811974205742,20816.981212319184,1.0,736.36,25,13.824294235551815,7.666666666666667,False
prestitch,c1_s2027_k1_p0.0080_noise_10,1,2027,0.008,0.0,10,sequential_paper_matched,ok,0.005743928635086328,-0.005743928635086328,9.814954576223638,5.388888888888889,11.0,0.007157806128537417,0.0020085069876417277,33.55622606565672,0.9764745358729372,0.9708929625656295,1893755.9090310128,1.0,49.45471794223132,0.9970337086678686,0.999254215820323,48693.92845451735,1.0,722.05,1,13.824294235551815,7.666666666666667,False
prestitch,c1_s2027_k1_p0.0080_noise_10,1,2027,0.008,0.0,10,sequential_paper_no_prestitch,ok,0.0013592307447607152,-0.0013592307447607152,2.3804761428476167,1.2777777777777777,3.0,0.001956941065486356,0.00093918109232575,44.77134762684437,0.9941776499430884,0.9978069885281423,143156.75479209117,1.0,60.460148640710464,0.999588799712372,0.9999408413623638,3863.0625788300085,1.0,32.63,1,10.290232693622087,5.944444444444445,False
prestitch,c2_s2026_k1_m0.0080_noise_00,2,2026,-0.008,0.0,0,dcs_paper_no_prestitch,ok,0.0028381357921664213,0.0028381357921664213,5.868938953886336,3.2222222222222223,7.0,0.003055566024736244,0.001422026211471485,38.65620488625682,0.9842228598655798,0.9917315471443373,585229.377600245,0.9952032785224313,55.7542285972543,0.9988641364233412,0.9998385023255696,11416.257285389529,1.0,782.78,25,0.0,0.0,False
prestitch,c2_s2026_k1_m0.0080_noise_00,2,2026,-0.008,0.0,0,dcs_paper_style,ok,0.0027391599381706338,0.0027391599381706338,5.686240703077327,3.1666666666666665,7.0,0.0029703202024349597,0.0013415575741578028,38.85444242593769,0.984696799489945,0.9921000618477507,559116.5722137067,0.9953280537255832,56.02233835078099,0.9989209654609325,0.999848174931233,10732.793472321204,1.0,760.44,25,12.905640455070625,7.055555555555555,False
prestitch,c2_s2026_k1_m0.0080_noise_00,2,2026,-0.008,0.0,0,sequential_paper_matched,ok,0.005570034875777809,0.005570034875777809,9.38083151964686,5.111111111111111,11.0,0.005328336071346128,0.0016381583936643628,35.31007009700241,0.9744787117802193,0.9821388031926056,1264560.4587353577,0.992178163447169,50.6605644681925,0.9972113741110168,0.9994779851123942,36888.429065575845,1.0,734.39,1,12.905640455070625,7.055555555555555,False
prestitch,c2_s2026_k1_m0.0080_noise_00,2,2026,-0.008,0.0,0,sequential_paper_no_prestitch,ok,9.692945143441323e-06,9.692945143441323e-06,0.0,0.0,0.0,0.00013072715274127213,0.00013072715274127213,70.73933032982177,0.9999228188660201,0.9999948717372321,362.2543210609893,1.0,70.73933032982177,0.9999228188660201,0.9999948717372321,362.2543210609893,1.0,31.82,1,0.0,0.0,False
prestitch,c2_s2026_k1_m0.0080_noise_10,2,2026,-0.008,0.0,10,dcs_paper_no_prestitch,ok,0.0027248162081236135,0.0027248162081236135,5.497474167490214,3.111111111111111,6.0,0.002957916461256757,0.0017226954027629304,38.93645440353176,0.9848786053007438,0.9922496813569057,548657.3066000482,0.9952116256525153,56.06206828199866,0.9989291676206182,0.9998495581108556,10635.055957460076,1.0,802.7,25,11.105554165971787,6.0,False
prestitch,c2_s2026_k1_m0.0080_noise_10,2,2026,-0.008,0.0,10,dcs_paper_style,ok,0.0027391599381706338,0.0027391599381706338,5.686240703077327,3.1666666666666665,7.0,0.0029703202024349597,0.0013415575741578028,38.85444242593769,0.984696799489945,0.9921000618477507,559116.5722137067,0.9953280537255832,56.02233835078099,0.9989209654609325,0.999848174931233,10732.793472321204,1.0,804.25,25,12.905640455070625,7.055555555555555,False
prestitch,c2_s2026_k1_m0.0080_noise_10,2,2026,-0.008,0.0,10,sequential_paper_matched,ok,0.005570034875777809,0.005570034875777809,9.38083151964686,5.111111111111111,11.0,0.005328336071346128,0.0016381583936643628,35.31007009700241,0.9744787117802193,0.9821388031926056,1264560.4587353577,0.992178163447169,50.6605644681925,0.9972113741110168,0.9994779851123942,36888.429065575845,1.0,796.28,1,12.905640455070625,7.055555555555555,False
prestitch,c2_s2026_k1_m0.0080_noise_10,2,2026,-0.008,0.0,10,sequential_paper_no_prestitch,ok,0.00107497777784305,-0.00107497777784305,1.8257418583505538,1.0,2.0,0.0013537240135503468,0.00038002015008337965,48.8375642584538,0.9956200663693399,0.9992060942884745,56129.37180809523,1.0,62.993236644754724,0.9997293322372028,0.9999695107332455,2155.871856154195,1.0,30.91,1,11.105554165971787,6.0,False
prestitch,c2_s2026_k1_p0.0000_noise_00,2,2026,0.0,0.0,0,dcs_paper_no_prestitch,ok,5.662349112227742e-07,-5.662349112227742e-07,0.0,0.0,0.0,1.8886008958107836e-08,1.8886008958107836e-08,139.05390353104312,0.9999999999950537,0.9999999999992403,5.3401844082518e-05,1.0,139.05390353104312,0.9999999999950537,0.9999999999992403,5.3401844082518e-05,1.0,717.67,25,0.0,0.0,False
prestitch,c2_s2026_k1_p0.0000_noise_00,2,2026,0.0,0.0,0,dcs_paper_style,ok,5.662349112227742e-07,-5.662349112227742e-07,0.0,0.0,0.0,1.8886008958107836e-08,1.8886008958107836e-08,139.05390353104312,0.9999999999950537,0.9999999999992403,5.3401844082518e-05,1.0,139.05390353104312,0.9999999999950537,0.9999999999992403,5.3401844082518e-05,1.0,752.62,25,0.0,0.0,False
prestitch,c2_s2026_k1_p0.0000_noise_00,2,2026,0.0,0.0,0,sequential_paper_matched,ok,9.119637974762979e-07,-9.119637974762979e-07,0.0,0.0,0.0,1.1189687388474296e-07,1.1189687388474296e-07,128.71003164234614,0.9999999999440509,0.9999999999918242,0.0005780207688109772,1.0,128.71003164234614,0.9999999999440509,0.9999999999918242,0.0005780207688109772,1.0,793.09,1,0.0,0.0,False
prestitch,c2_s2026_k1_p0.0000_noise_00,2,2026,0.0,0.0,0,sequential_paper_no_prestitch,ok,9.119637974762979e-07,-9.119637974762979e-07,0.0,0.0,0.0,1.1189687388474296e-07,1.1189687388474296e-07,128.71003164234614,0.9999999999440509,0.9999999999918242,0.0005780207688109772,1.0,128.71003164234614,0.9999999999440509,0.9999999999918242,0.0005780207688109772,1.0,31.95,1,0.0,0.0,False
prestitch,c2_s2026_k1_p0.0000_noise_10,2,2026,0.0,0.0,10,dcs_paper_no_prestitch,ok,1.197050993663224e-05,1.197050993663224e-05,1.0,0.5,1.0,1.8683502908296913e-05,0.0018952156439435495,51.719800249386154,0.9977444944301773,0.9995908759916425,28904.574634377514,0.999757069731349,100.47049622213981,0.9999999671798577,0.9999999945517233,0.38538693301399324,1.0,795.95,25,11.105554165971787,6.0,False
prestitch,c2_s2026_k1_p0.0000_noise_10,2,2026,0.0,0.0,10,dcs_paper_style,ok,5.662349112227742e-07,-5.662349112227742e-07,0.0,0.0,0.0,1.8886008958107836e-08,1.8886008958107836e-08,139.05390353104312,0.9999999999950537,0.9999999999992403,5.3401844082518e-05,1.0,139.05390353104312,0.9999999999950537,0.9999999999992403,5.3401844082518e-05,1.0,790.94,25,0.0,0.0,False
prestitch,c2_s2026_k1_p0.0000_noise_10,2,2026,0.0,0.0,10,sequential_paper_matched,ok,9.119637974762979e-07,-9.119637974762979e-07,0.0,0.0,0.0,1.1189687388474296e-07,1.1189687388474296e-07,128.71003164234614,0.9999999999440509,0.9999999999918242,0.0005780207688109772,1.0,128.71003164234614,0.9999999999440509,0.9999999999918242,0.0005780207688109772,1.0,802.01,1,0.0,0.0,False
prestitch,c2_s2026_k1_p0.0000_noise_10,2,2026,0.0,0.0,10,sequential_paper_no_prestitch,ok,0.000856271848000516,-0.000856271848000516,1.4529663145135578,0.7222222222222222,2.0,0.0011115876935429464,0.0007208287678925585,50.080124724922364,0.9964484084899152,0.9994033574507855,42163.25539216208,1.0,65.00304497383512,0.9998751974355752,0.9999808097987016,1357.1945598101374,1.0,32.74,1,11.105554165971787,6.0,False
prestitch,c2_s2026_k1_p0.0080_noise_00,2,2026,0.008,0.0,0,dcs_paper_no_prestitch,ok,0.003618407570330183,-0.003618407570330183,7.4981479194679945,4.111111111111111,9.0,0.003563237501924845,0.0019387578417710944,38.19951068001578,0.9827035297978094,0.9908102494123705,650123.0131461422,1.0,54.18902863573227,0.9984764188967746,0.9997686671400788,16369.813967394886,1.0,772.52,25,0.0,0.0,False
prestitch,c2_s2026_k1_p0.0080_noise_00,2,2026,0.008,0.0,0,dcs_paper_style,ok,0.0027162794930888105,-0.0027162794930888105,4.760952285695233,2.5555555555555554,6.0,0.0028498917104629942,0.00099601434521406,41.52841884323421,0.988446286051783,0.9957284609047397,302068.00215341867,1.0,56.355449466009176,0.9989873882479554,0.999859533539309,9940.349650773347,1.0,781.15,25,12.797569213634977,7.0,False
prestitch,c2_s2026_k1_p0.0080_noise_00,2,2026,0.008,0.0,0,sequential_paper_matched,ok,0.0057005491553196825,-0.0057005491553196825,9.128709291752768,5.0,10.0,0.005255206660884447,0.001386166023370005,36.84705247975409,0.9794916038304977,0.987462463420048,887649.1868306375,1.0,50.73920579333242,0.997261319783293,0.9994883052695048,36226.47090650084,1.0,358.51,1,12.797569213634977,7.0,False
prestitch,c2_s2026_k1_p0.0080_noise_00,2,2026,0.008,0.0,0,sequential_paper_no_prestitch,ok,8.382678237366797e-07,8.382678237366797e-07,0.0,0.0,0.0,0.00011704991597057858,0.00011704991597057858,71.15713100132183,0.9999304711287825,0.9999953430270738,329.02849228991425,1.0,71.15713100132183,0.9999304711287825,0.9999953430270738,329.02849228991425,1.0,33.26,1,0.0,0.0,False
prestitch,c2_s2026_k1_p0.0080_noise_10,2,2026,0.008,0.0,10,dcs_paper_no_prestitch,ok,0.002920030051885983,-0.002920030051885983,5.82141639885766,3.2777777777777777,7.0,0.0030184135334144634,0.0016981712476726596,40.25707112171646,0.9862349747962114,0.9942775593905134,404799.0600171805,0.9997553427389179,55.80627577034064,0.9988746054068418,0.9998405960283232,11280.2579384805,1.0,781.7,25,11.105554165971787,6.0,False
prestitch,c2_s2026_k1_p0.0080_noise_10,2,2026,0.008,0.0,10,dcs_paper_style,ok,0.0030328578117666347,-0.0030328578117666347,5.811865258054231,3.2222222222222223,7.0,0.003110203194068209,0.0012929612568017073,40.41775699830594,0.9865056138667647,0.9944862162094945,390095.4705584379,0.9998752247968481,55.51990311838835,0.998811407435569,0.999829728544824,12049.146802254041,1.0,807.87,25,13.05543735171076,7.222222222222222,False
prestitch,c2_s2026_k1_p0.0080_noise_10,2,2026,0.008,0.0,10,sequential_paper_matched,ok,0.005621981972358003,-0.005621981972358003,9.16515138991168,5.0,11.0,0.005189538151886516,0.001481384341998797,36.6447427559952,0.9792216578968035,0.9868632517668611,929977.2657975643,1.0,50.83995484506322,0.9973052909649488,0.9995000285194169,35395.75032623067,1.0,395.61,1,13.05543735171076,7.222222222222222,False
prestitch,c2_s2026_k1_p0.0080_noise_10,2,2026,0.008,0.0,10,sequential_paper_no_prestitch,ok,0.0012183503834229453,-0.0012183503834229453,1.8257418583505538,1.0,2.0,0.0014380722591715526,0.0003557688639658198,48.80113098143766,0.9955972648911343,0.9991994938063161,56602.2257824571,1.0,62.47613222311112,0.9997011231292792,0.9999656692107105,2428.473592234924,1.0,31.28,1,11.105554165971787,6.0,False
prestitch,c2_s2027_k1_m0.0080_noise_10,2,2027,-0.008,0.0,10,dcs_paper_no_prestitch,ok,0.002743461928601274,0.002743461928601274,5.887840577551898,3.3333333333333335,7.0,0.0029740589226187335,0.0017190260279637125,38.61006500298374,0.9840777286576544,0.9916438291012387,591480.0586036772,0.9950826768843214,56.01045627349428,0.9989185078914515,0.9998477588087754,10762.198058606855,1.0,845.85,25,7.71722460186015,4.333333333333333,False
prestitch,c2_s2027_k1_m0.0080_noise_10,2,2027,-0.008,0.0,10,dcs_paper_style,ok,0.0027391599381706338,0.0027391599381706338,5.686240703077327,3.1666666666666665,7.0,0.0029703202024349597,0.0013415575741578028,38.85444242593769,0.984696799489945,0.9921000618477507,559116.5722137067,0.9953280537255832,56.02233835078099,0.9989209654609325,0.999848174931233,10732.793472321204,1.0,855.2,25,12.905640455070625,7.055555555555555,False
prestitch,c2_s2027_k1_m0.0080_noise_10,2,2027,-0.008,0.0,10,sequential_paper_matched,ok,0.005570034875777809,0.005570034875777809,9.38083151964686,5.111111111111111,11.0,0.005328336071346128,0.0016381583936643628,35.31007009700241,0.9744787117802193,0.9821388031926056,1264560.4587353577,0.992178163447169,50.6605644681925,0.9972113741110168,0.9994779851123942,36888.429065575845,1.0,466.1,1,12.905640455070625,7.055555555555555,False
prestitch,c2_s2027_k1_m0.0080_noise_10,2,2027,-0.008,0.0,10,sequential_paper_no_prestitch,ok,0.0002612607492726458,0.0002612607492726458,0.0,0.0,0.0,0.00037055523128387346,0.00037055523128387346,69.65243141405212,0.9999111703303648,0.9999934150609544,465.2683024139325,1.0,69.65243141405212,0.9999111703303648,0.9999934150609544,465.2683024139325,1.0,33.39,1,7.71722460186015,4.333333333333333,False
prestitch,c2_s2027_k1_p0.0000_noise_10,2,2027,0.0,0.0,10,dcs_paper_no_prestitch,ok,0.00015788820284949113,-0.00015788820284949113,1.1547005383792515,0.5555555555555556,2.0,0.0002508115481800822,0.0020518892316573533,51.76999589344716,0.9973736210640249,0.9995955591560015,28572.41952492709,0.999753183998379,78.56625874319273,0.9999953413169448,0.999999155285793,59.74763692567428,1.0,837.75,25,7.71722460186015,4.333333333333333,False
prestitch,c2_s2027_k1_p0.0000_noise_10,2,2027,0.0,0.0,10,dcs_paper_style,ok,5.662349112227742e-07,-5.662349112227742e-07,0.0,0.0,0.0,1.8886008958107836e-08,1.8886008958107836e-08,139.05390353104312,0.9999999999950537,0.9999999999992403,5.3401844082518e-05,1.0,139.05390353104312,0.9999999999950537,0.9999999999992403,5.3401844082518e-05,1.0,820.74,25,0.0,0.0,False
prestitch,c2_s2027_k1_p0.0000_noise_10,2,2027,0.0,0.0,10,sequential_paper_matched,ok,9.119637974762979e-07,-9.119637974762979e-07,0.0,0.0,0.0,1.1189687388474296e-07,1.1189687388474296e-07,128.71003164234614,0.9999999999440509,0.9999999999918242,0.0005780207688109772,1.0,128.71003164234614,0.9999999999440509,0.9999999999918242,0.0005780207688109772,1.0,478.96,1,0.0,0.0,False
prestitch,c2_s2027_k1_p0.0000_noise_10,2,2027,0.0,0.0,10,sequential_paper_no_prestitch,ok,0.00064965605587234,0.00064965605587234,1.5275252316519468,0.8333333333333334,2.0,0.0008893993111187406,0.00075838393529224,47.77938760618251,0.9960662999979802,0.9989870796598004,71615.63497401093,0.9988621998199323,67.12685908364685,0.9999270490795565,0.9999882281517088,832.2632138217392,1.0,34.44,1,7.71722460186015,4.333333333333333,False
prestitch,c2_s2027_k1_p0.0080_noise_10,2,2027,0.008,0.0,10,dcs_paper_no_prestitch,ok,0.002958584787857985,-0.002958584787857985,5.467073155618908,3.0555555555555554,7.0,0.0030499044250045623,0.0017051711338390558,40.746823648410064,0.9869951943850641,0.9948881635706714,361629.8262289102,0.9998776713694589,55.707104653985326,0.998853068073125,0.9998369134744148,11540.806039825022,1.0,816.74,25,7.71722460186015,4.333333333333333,False
prestitch,c2_s2027_k1_p0.0080_noise_10,2,2027,0.008,0.0,10,dcs_paper_style,ok,0.0030328578117666347,-0.0030328578117666347,5.811865258054231,3.2222222222222223,7.0,0.003110203194068209,0.0012929612568017073,40.41775699830594,0.9865056138667647,0.9944862162094945,390095.4705584379,0.9998752247968481,55.51990311838835,0.998811407435569,0.999829728544824,12049.146802254041,1.0,1563.65,25,13.05543735171076,7.222222222222222,False
prestitch,c2_s2027_k1_p0.0080_noise_10,2,2027,0.008,0.0,10,sequential_paper_matched,ok,0.005621981972358003,-0.005621981972358003,9.16515138991168,5.0,11.0,0.005189538151886516,0.001481384341998797,36.6447427559952,0.9792216578968035,0.9868632517668611,929977.2657975643,1.0,50.83995484506322,0.9973052909649488,0.9995000285194169,35395.75032623067,1.0,495.37,1,13.05543735171076,7.222222222222222,False
prestitch,c2_s2027_k1_p0.0080_noise_10,2,2027,0.008,0.0,10,sequential_paper_no_prestitch,ok,0.0005938165265938801,0.0005938165265938801,1.3743685418725535,0.7222222222222222,2.0,0.0007402214009668518,0.0009903349852680625,48.24585887865433,0.9968551887848848,0.9990902878217847,64322.174759388174,0.9989911485881261,67.02822674803414,0.9998734473024441,0.9999879492868855,851.3809584207144,1.0,34.04,1,7.71722460186015,4.333333333333333,False
prestitch,c3_s2026_k1_m0.0080_noise_00,3,2026,-0.008,0.0,0,dcs_paper_no_prestitch,ok,0.0025034826006843994,0.0025034826006843994,5.557777333511022,3.111111111111111,6.0,0.002941993918189844,0.0014766080255938215,37.917846066311625,0.9793502728510614,0.9901297310918367,693684.5165534203,0.9954528289287351,52.10107903097325,0.9981929571287724,0.9996240136746222,26475.16676854423,1.0,877.99,25,0.0,0.0,False
prestitch,c3_s2026_k1_m0.0080_noise_00,3,2026,-0.008,0.0,0,dcs_paper_style,ok,0.002730376224697271,0.002730376224697271,5.811865258054231,3.2222222222222223,7.0,0.003160577201672847,0.0013837137038210739,37.606250509868346,0.9787765581090275,0.9893981487087381,745283.586062655,0.9952032785224313,51.4061023650363,0.9979202341835114,0.9995588198288252,31069.650720925794,1.0,2308.74,25,13.824294235551815,7.666666666666667,False
prestitch,c3_s2026_k1_m0.0080_noise_00,3,2026,-0.008,0.0,0,sequential_paper_matched,ok,0.0054534904863912555,0.0054534904863912555,9.809292646374775,5.333333333333333,11.0,0.005471077837063689,0.0018061780391471825,34.10815534421939,0.966187273284824,0.9763068804828381,1667750.475347266,0.9918003838528511,45.97700331615329,0.9941826585837581,0.9984626357415108,108454.17521243986,1.0,544.58,1,13.824294235551815,7.666666666666667,False
prestitch,c3_s2026_k1_m0.0080_noise_00,3,2026,-0.008,0.0,0,sequential_paper_no_prestitch,ok,4.65617737748468e-06,4.65617737748468e-06,0.0,0.0,0.0,0.00011921771321269204,0.00011921771321269204,70.82298336870834,0.9999372435697088,0.9999949379228852,355.34341408198264,1.0,70.82298336870834,0.9999372435697088,0.9999949379228852,355.34341408198264,1.0,34.03,1,0.0,0.0,False
prestitch,c3_s2026_k1_m0.0080_noise_10,3,2026,-0.008,0.0,10,dcs_paper_no_prestitch,ok,0.002648321826202521,0.002648321826202521,5.557777333511022,3.111111111111111,7.0,0.003082609752471277,0.0014893312475423566,37.85448098019481,0.9793777463388378,0.9899709368165936,703879.8122324852,0.9954570024937771,51.64971771775912,0.9980199792751195,0.9995828675278196,29374.79441198498,1.0,886.54,25,12.627131283250542,6.833333333333333,False
prestitch,c3_s2026_k1_m0.0080_noise_10,3,2026,-0.008,0.0,10,dcs_paper_style,ok,0.002730376224697271,0.002730376224697271,5.811865258054231,3.2222222222222223,7.0,0.003160577201672847,0.0013837137038210739,37.606250509868346,0.9787765581090275,0.9893981487087381,745283.586062655,0.9952032785224313,51.4061023650363,0.9979202341835114,0.9995588198288252,31069.650720925794,1.0,2107.2,25,13.824294235551815,7.666666666666667,False
prestitch,c3_s2026_k1_m0.0080_noise_10,3,2026,-0.008,0.0,10,sequential_paper_matched,ok,0.0054534904863912555,0.0054534904863912555,9.809292646374775,5.333333333333333,11.0,0.005471077837063689,0.0018061780391471825,34.10815534421939,0.966187273284824,0.9763068804828381,1667750.475347266,0.9918003838528511,45.97700331615329,0.9941826585837581,0.9984626357415108,108454.17521243986,1.0,590.81,1,13.824294235551815,7.666666666666667,False
prestitch,c3_s2026_k1_m0.0080_noise_10,3,2026,-0.008,0.0,10,sequential_paper_no_prestitch,ok,0.00013327318652353766,0.00013327318652353766,0.0,0.0,0.0,0.0002279178298701502,0.0002279178298701502,69.96967302479136,0.9999314160598795,0.9999938404969514,432.4932214287811,1.0,69.96967302479136,0.9999314160598795,0.9999938404969514,432.4932214287811,1.0,34.87,1,12.627131283250542,6.833333333333333,False
prestitch,c3_s2026_k1_p0.0000_noise_00,3,2026,0.0,0.0,0,dcs_paper_no_prestitch,ok,6.010320915263994e-07,-6.010320915263994e-07,0.0,0.0,0.0,1.1866527015874693e-07,1.1866527015874693e-07,123.2858531728145,0.999999999890973,0.9999999999713006,0.0020154001671728672,1.0,123.2858531728145,0.999999999890973,0.9999999999713006,0.0020154001671728672,1.0,779.36,25,0.0,0.0,False
prestitch,c3_s2026_k1_p0.0000_noise_00,3,2026,0.0,0.0,0,dcs_paper_style,ok,6.010320915263994e-07,-6.010320915263994e-07,0.0,0.0,0.0,1.1866527015874693e-07,1.1866527015874693e-07,123.2858531728145,0.999999999890973,0.9999999999713006,0.0020154001671728672,1.0,123.2858531728145,0.999999999890973,0.9999999999713006,0.0020154001671728672,1.0,1637.97,25,0.0,0.0,False
prestitch,c3_s2026_k1_p0.0000_noise_00,3,2026,0.0,0.0,0,sequential_paper_matched,ok,1.0235947924042626e-06,-1.0235947924042626e-06,0.0,0.0,0.0,4.5211795433528094e-07,4.5211795433528094e-07,117.31867918935727,0.9999999995209192,0.999999999886707,0.007963036173583463,1.0,117.31867918935727,0.9999999995209192,0.999999999886707,0.007963036173583463,1.0,582.76,1,0.0,0.0,False
prestitch,c3_s2026_k1_p0.0000_noise_00,3,2026,0.0,0.0,0,sequential_paper_no_prestitch,ok,1.0235947924042626e-06,-1.0235947924042626e-06,0.0,0.0,0.0,4.5211795433528094e-07,4.5211795433528094e-07,117.31867918935727,0.9999999995209192,0.999999999886707,0.007963036173583463,1.0,117.31867918935727,0.9999999995209192,0.999999999886707,0.007963036173583463,1.0,35.83,1,0.0,0.0,False
prestitch,c3_s2026_k1_p0.0000_noise_10,3,2026,0.0,0.0,10,dcs_paper_no_prestitch,ok,0.00016740893070211083,0.00016740893070211083,1.4907119849998598,0.7777777777777778,2.0,0.0002785801493225246,0.0014178896111366806,47.28579486164483,0.9951377098313787,0.9988571608387536,80235.60309619021,0.9993706551748752,73.16907632534449,0.9999878004454216,0.9999970581828175,207.0327138329647,1.0,852.15,25,12.627131283250542,6.833333333333333,False
prestitch,c3_s2026_k1_p0.0000_noise_10,3,2026,0.0,0.0,10,dcs_paper_style,ok,6.010320915263994e-07,-6.010320915263994e-07,0.0,0.0,0.0,1.1866527015874693e-07,1.1866527015874693e-07,123.2858531728145,0.999999999890973,0.9999999999713006,0.0020154001671728672,1.0,123.2858531728145,0.999999999890973,0.9999999999713006,0.0020154001671728672,1.0,2164.4,25,0.0,0.0,False
prestitch,c3_s2026_k1_p0.0000_noise_10,3,2026,0.0,0.0,10,sequential_paper_matched,ok,1.0235947924042626e-06,-1.0235947924042626e-06,0.0,0.0,0.0,4.5211795433528094e-07,4.5211795433528094e-07,117.31867918935727,0.9999999995209192,0.999999999886707,0.007963036173583463,1.0,117.31867918935727,0.9999999995209192,0.999999999886707,0.007963036173583463,1.0,625.78,1,0.0,0.0,False
prestitch,c3_s2026_k1_p0.0000_noise_10,3,2026,0.0,0.0,10,sequential_paper_no_prestitch,ok,1.9849590035106507e-05,1.9849590035106507e-05,0.0,0.0,0.0,3.375710349739018e-05,3.375710349739018e-05,91.28719964363748,0.9999998106239151,0.9999999546138219,3.193203842241544,1.0,91.28719964363748,0.9999998106239151,0.9999999546138219,3.193203842241544,1.0,18.4,1,12.627131283250542,6.833333333333333,False
prestitch,c3_s2026_k1_p0.0080_noise_00,3,2026,0.008,0.0,0,dcs_paper_no_prestitch,ok,0.0034871297150748277,-0.0034871297150748277,7.302967433402215,4.0,8.0,0.0036898906259475754,0.0016429833672945654,37.51540410939066,0.9779686088465837,0.9891518069061417,761037.7444587919,1.0,49.80209470881658,0.9971448200652683,0.9993599741430816,44950.77011551313,1.0,411.53,25,0.0,0.0,False
prestitch,c3_s2026_k1_p0.0080_noise_00,3,2026,0.008,0.0,0,dcs_paper_style,ok,0.0020332130482965697,-0.0020332130482965697,3.7564758898615485,2.0555555555555554,5.0,0.0023708450365454974,0.0011097980861805416,42.240487114223825,0.986775908024372,0.9963463830736885,256388.11897535893,1.0,54.129657858395,0.9988116625655294,0.9997637890934167,16595.13622214973,1.0,2249.76,25,13.820274961085254,7.611111111111111,False
prestitch,c3_s2026_k1_p0.0080_noise_00,3,2026,0.008,0.0,0,sequential_paper_matched,ok,0.005586500546193799,-0.005586500546193799,9.195409482755814,5.055555555555555,10.0,0.005404830903103534,0.001502344789210065,35.69702256800873,0.9731697315917714,0.9834974445067801,1156762.898298444,1.0,46.08633057652328,0.9943365434189153,0.9984932584321868,105758.07808243683,1.0,573.65,1,13.820274961085254,7.611111111111111,False
prestitch,c3_s2026_k1_p0.0080_noise_00,3,2026,0.008,0.0,0,sequential_paper_no_prestitch,ok,3.152507637800908e-06,3.152507637800908e-06,0.0,0.0,0.0,0.00010766913707017277,0.00010766913707017277,71.24884773384566,0.9999437665021936,0.9999954177256135,322.15274344980554,1.0,71.24884773384566,0.9999437665021936,0.9999954177256135,322.15274344980554,1.0,16.56,1,0.0,0.0,False
prestitch,c3_s2026_k1_p0.0080_noise_10,3,2026,0.008,0.0,10,dcs_paper_no_prestitch,ok,0.003410109060509544,-0.003410109060509544,6.765927710061479,3.888888888888889,8.0,0.0036289265344469626,0.0019513925350699939,37.972716433325814,0.9787551797124696,0.9902222298255814,684975.3835126075,0.9998775274534231,49.97658516230531,0.9972412333358222,0.9993851879832355,43180.54220133573,1.0,403.69,25,12.627131283250542,6.833333333333333,False
prestitch,c3_s2026_k1_p0.0080_noise_10,3,2026,0.008,0.0,10,dcs_paper_style,ok,0.0020332130482965697,-0.0020332130482965697,3.7564758898615485,2.0555555555555554,5.0,0.0023708450365454974,0.0011097980861805416,42.240487114223825,0.986775908024372,0.9963463830736885,256388.11897535893,1.0,54.129657858395,0.9988116625655294,0.9997637890934167,16595.13622214973,1.0,1221.39,25,13.820274961085254,7.611111111111111,False
prestitch,c3_s2026_k1_p0.0080_noise_10,3,2026,0.008,0.0,10,sequential_paper_matched,ok,0.005586500546193799,-0.005586500546193799,9.195409482755814,5.055555555555555,10.0,0.005404830903103534,0.001502344789210065,35.69702256800873,0.9731697315917714,0.9834974445067801,1156762.898298444,1.0,46.08633057652328,0.9943365434189153,0.9984932584321868,105758.07808243683,1.0,620.4,1,13.820274961085254,7.611111111111111,False
prestitch,c3_s2026_k1_p0.0080_noise_10,3,2026,0.008,0.0,10,sequential_paper_no_prestitch,ok,0.00035545249147500915,0.00035545249147500915,0.816496580927726,0.3333333333333333,1.0,0.00045933694021607445,0.0006316335980998539,50.78684789201726,0.9980141778582068,0.9994896633828124,35831.23838419494,0.9996206373292867,67.07790285380577,0.999905197868424,0.9999880560612214,841.6980521756075,1.0,16.02,1,12.627131283250542,6.833333333333333,False
prestitch,c3_s2027_k1_m0.0080_noise_10,3,2027,-0.008,0.0,10,dcs_paper_no_prestitch,ok,0.00254304164760529,0.00254304164760529,5.744562646538029,3.2777777777777777,7.0,0.002980791348141571,0.0016541550655348556,37.71927212174913,0.9788921900584754,0.9896523201602359,726138.3856567905,0.9953320833745892,51.974978936655035,0.9981461263059263,0.9996129450492911,27255.158618750014,1.0,418.46,25,8.027729719194863,4.777777777777778,False
prestitch,c3_s2027_k1_m0.0080_noise_10,3,2027,-0.008,0.0,10,dcs_paper_style,ok,0.002730376224697271,0.002730376224697271,5.811865258054231,3.2222222222222223,7.0,0.003160577201672847,0.0013837137038210739,37.606250509868346,0.9787765581090275,0.9893981487087381,745283.586062655,0.9952032785224313,51.4061023650363,0.9979202341835114,0.9995588198288252,31069.650720925794,1.0,2241.61,25,13.824294235551815,7.666666666666667,False
prestitch,c3_s2027_k1_m0.0080_noise_10,3,2027,-0.008,0.0,10,sequential_paper_matched,ok,0.0054534904863912555,0.0054534904863912555,9.809292646374775,5.333333333333333,11.0,0.005471077837063689,0.0018061780391471825,34.10815534421939,0.966187273284824,0.9763068804828381,1667750.475347266,0.9918003838528511,45.97700331615329,0.9941826585837581,0.9984626357415108,108454.17521243986,1.0,696.19,1,13.824294235551815,7.666666666666667,False
prestitch,c3_s2027_k1_m0.0080_noise_10,3,2027,-0.008,0.0,10,sequential_paper_no_prestitch,ok,0.0021397110514085847,0.0021397110514085847,4.242640687119285,2.3333333333333335,5.0,0.0025731552941190444,0.0009065664705789114,39.63640584038969,0.9834929916759656,0.9933545529574492,466988.3254550427,0.9965886142842998,53.37264395378182,0.9986070756398917,0.9997193877356854,19755.235542168048,1.0,16.85,1,8.027729719194863,4.777777777777778,False
prestitch,c3_s2027_k1_p0.0000_noise_10,3,2027,0.0,0.0,10,dcs_paper_no_prestitch,ok,0.00034704564161701596,0.00034704564161701596,0.9428090415820634,0.4444444444444444,1.0,0.0005438962069662744,0.0016391892719970034,49.39409958350601,0.9972159345036764,0.9992971136795135,49378.35858293311,0.9994991721949613,67.25255806011634,0.9999509162640549,0.999988513806218,808.5200636583802,1.0,410.83,25,8.027729719194863,4.777777777777778,False
prestitch,c3_s2027_k1_p0.0000_noise_10,3,2027,0.0,0.0,10,dcs_paper_style,ok,6.010320915263994e-07,-6.010320915263994e-07,0.0,0.0,0.0,1.1866527015874693e-07,1.1866527015874693e-07,123.2858531728145,0.999999999890973,0.9999999999713006,0.0020154001671728672,1.0,123.2858531728145,0.999999999890973,0.9999999999713006,0.0020154001671728672,1.0,2300.19,25,0.0,0.0,False
prestitch,c3_s2027_k1_p0.0000_noise_10,3,2027,0.0,0.0,10,sequential_paper_matched,ok,1.0235947924042626e-06,-1.0235947924042626e-06,0.0,0.0,0.0,4.5211795433528094e-07,4.5211795433528094e-07,117.31867918935727,0.9999999995209192,0.999999999886707,0.007963036173583463,1.0,117.31867918935727,0.9999999995209192,0.999999999886707,0.007963036173583463,1.0,715.65,1,0.0,0.0,False
prestitch,c3_s2027_k1_p0.0000_noise_10,3,2027,0.0,0.0,10,sequential_paper_no_prestitch,ok,0.0021518516700547957,0.0021518516700547957,4.242640687119285,2.3333333333333335,5.0,0.002495316771949726,0.0009799704218200027,39.64183865419005,0.9834909863174282,0.9933626511628406,466404.5108968905,0.9965886142842998,53.60397674435927,0.9986661629787877,0.9997339469055838,18730.48112355897,1.0,16.42,1,8.027729719194863,4.777777777777778,False
prestitch,c3_s2027_k1_p0.0080_noise_10,3,2027,0.008,0.0,10,dcs_paper_no_prestitch,ok,0.0030073468517232763,-0.0030073468517232763,6.009252125773315,3.388888888888889,7.0,0.003295302074923055,0.001611833833785658,38.790522610469544,0.9808262073916564,0.9919026068756526,567406.5521000195,0.9998752247968481,50.965007081608356,0.9977332125663243,0.9995103734273479,34391.08672866042,1.0,410.83,25,8.027729719194863,4.777777777777778,False
prestitch,c3_s2027_k1_p0.0080_noise_10,3,2027,0.008,0.0,10,dcs_paper_style,ok,0.0020332130482965697,-0.0020332130482965697,3.7564758898615485,2.0555555555555554,5.0,0.0023708450365454974,0.0011097980861805416,42.240487114223825,0.986775908024372,0.9963463830736885,256388.11897535893,1.0,54.129657858395,0.9988116625655294,0.9997637890934167,16595.13622214973,1.0,2188.54,25,13.820274961085254,7.611111111111111,False
prestitch,c3_s2027_k1_p0.0080_noise_10,3,2027,0.008,0.0,10,sequential_paper_matched,ok,0.005586500546193799,-0.005586500546193799,9.195409482755814,5.055555555555555,10.0,0.005404830903103534,0.001502344789210065,35.69702256800873,0.9731697315917714,0.9834974445067801,1156762.898298444,1.0,46.08633057652328,0.9943365434189153,0.9984932584321868,105758.07808243683,1.0,720.33,1,13.820274961085254,7.611111111111111,False
prestitch,c3_s2027_k1_p0.0080_noise_10,3,2027,0.008,0.0,10,sequential_paper_no_prestitch,ok,0.0019831938850307512,0.0019831938850307512,3.6514837167011076,2.0,4.0,0.0023278715606765503,0.0007252020762098614,40.512303276733434,0.9855994848066307,0.994568719470139,381694.8320414051,0.9969674012908692,54.34385159523543,0.9988573082972703,0.9997757029640755,15796.520957412942,1.0,16.84,1,8.027729719194863,4.777777777777778,False
search_range,c0_s2026_k1_m0.0080_noise_00,0,2026,-0.008,0.0,0,sequential_paper_bound_010,ok,0.005380377560296155,0.005380377560296155,9.043106644167024,5.0,11.0,0.0038745618969926593,0.0014320219214757866,35.09898686041008,0.9773894404605804,0.9723389983259547,1327540.9349055865,0.9921870862413967,52.19531092402907,0.9980911376915613,0.9994603040051491,25906.903959819145,1.0,191.19,1,12.978614889287858,7.222222222222222,False
search_range,c0_s2026_k1_m0.0080_noise_00,0,2026,-0.008,0.0,0,sequential_paper_bound_020,ok,0.005380701195914831,0.005380701195914831,9.195409482755814,5.055555555555555,10.0,0.0038747785948411093,0.0010920639694929702,35.09175927692803,0.9773047175348057,0.9722944159439006,1329752.0846556658,0.992427138189329,52.19485187995774,0.9980909977448804,0.9994602469396997,25909.642433295998,1.0,190.14,1,12.978614889287858,7.222222222222222,False
search_range,c0_s2026_k1_m0.0080_noise_00,0,2026,-0.008,0.0,0,sequential_paper_matched,ok,0.005380202677150277,0.005380202677150277,8.787617550976046,4.833333333333333,10.0,0.0038744456879953415,0.001443392579896437,35.33007720027733,0.978173034694091,0.9737716427453502,1258748.2723965724,0.9925606922706727,52.19555492550589,0.9980912104000337,0.9994603343350437,25905.44846233631,1.0,430.35,1,12.978614889287858,7.222222222222222,False
search_range,c0_s2026_k1_m0.0080_noise_10,0,2026,-0.008,0.0,10,sequential_paper_bound_010,ok,0.005380377560296155,0.005380377560296155,9.043106644167024,5.0,11.0,0.0038745618969926593,0.0014320219214757866,35.09898686041008,0.9773894404605804,0.9723389983259547,1327540.9349055865,0.9921870862413967,52.19531092402907,0.9980911376915613,0.9994603040051491,25906.903959819145,1.0,203.76,1,12.978614889287858,7.222222222222222,False
search_range,c0_s2026_k1_m0.0080_noise_10,0,2026,-0.008,0.0,10,sequential_paper_bound_020,ok,0.005380701195914831,0.005380701195914831,9.195409482755814,5.055555555555555,10.0,0.0038747785948411093,0.0010920639694929702,35.09175927692803,0.9773047175348057,0.9722944159439006,1329752.0846556658,0.992427138189329,52.19485187995774,0.9980909977448804,0.9994602469396997,25909.642433295998,1.0,203.75,1,12.978614889287858,7.222222222222222,False
search_range,c0_s2026_k1_m0.0080_noise_10,0,2026,-0.008,0.0,10,sequential_paper_matched,ok,0.005380202677150277,0.005380202677150277,8.787617550976046,4.833333333333333,10.0,0.0038744456879953415,0.001443392579896437,35.33007720027733,0.978173034694091,0.9737716427453502,1258748.2723965724,0.9925606922706727,52.19555492550589,0.9980912104000337,0.9994603343350437,25905.44846233631,1.0,472.04,1,12.978614889287858,7.222222222222222,False
search_range,c0_s2026_k1_p0.0080_noise_00,0,2026,0.008,0.0,0,sequential_paper_bound_010,ok,0.0052125272310826086,-0.0052125272310826086,8.537498983243799,4.666666666666667,10.0,0.0036357932362184623,0.0012646273463233675,36.597928676160635,0.9837073802588633,0.9804417829933476,940056.030785734,1.0,52.736822759447655,0.9982513047446011,0.9995240803596712,22869.903473095113,1.0,188.38,1,12.556538801224908,6.944444444444445,False
search_range,c0_s2026_k1_p0.0080_noise_00,0,2026,0.008,0.0,0,sequential_paper_bound_020,ok,0.005212228490587019,-0.005212228490587019,8.537498983243799,4.666666666666667,10.0,0.003635610926189791,0.001185219054193329,36.60200176229799,0.9836935662574935,0.9804603227511992,939174.8005599382,1.0,52.73725119136923,0.9982514234916849,0.9995241273047348,22867.647466210674,1.0,190.99,1,12.556538801224908,6.944444444444445,False
search_range,c0_s2026_k1_p0.0080_noise_00,0,2026,0.008,0.0,0,sequential_paper_matched,ok,0.005212359827298079,-0.005212359827298079,8.595864638818417,4.722222222222222,10.0,0.003635694439466398,0.0011616778171873357,36.545643720229826,0.9835539240915946,0.9802053264528301,951441.8175365205,1.0,52.73706227456139,0.9982513711897913,0.9995241066184712,22868.642223709274,1.0,478.94,1,12.556538801224908,6.944444444444445,False
search_range,c0_s2026_k1_p0.0080_noise_10,0,2026,0.008,0.0,10,sequential_paper_bound_010,ok,0.0052125272310826086,-0.0052125272310826086,8.537498983243799,4.666666666666667,10.0,0.0036357932362184623,0.0012646273463233675,36.597928676160635,0.9837073802588633,0.9804417829933476,940056.030785734,1.0,52.736822759447655,0.9982513047446011,0.9995240803596712,22869.903473095113,1.0,208.66,1,12.556538801224908,6.944444444444445,False
search_range,c0_s2026_k1_p0.0080_noise_10,0,2026,0.008,0.0,10,sequential_paper_bound_020,ok,0.005212228490587019,-0.005212228490587019,8.537498983243799,4.666666666666667,10.0,0.003635610926189791,0.001185219054193329,36.60200176229799,0.9836935662574935,0.9804603227511992,939174.8005599382,1.0,52.73725119136923,0.9982514234916849,0.9995241273047348,22867.647466210674,1.0,212.3,1,12.556538801224908,6.944444444444445,False
search_range,c0_s2026_k1_p0.0080_noise_10,0,2026,0.008,0.0,10,sequential_paper_matched,ok,0.005212359827298079,-0.005212359827298079,8.595864638818417,4.722222222222222,10.0,0.003635694439466398,0.0011616778171873357,36.545643720229826,0.9835539240915946,0.9802053264528301,951441.8175365205,1.0,52.73706227456139,0.9982513711897913,0.9995241066184712,22868.642223709274,1.0,521.69,1,12.556538801224908,6.944444444444445,False
search_range,c0_s2027_k1_m0.0080_noise_10,0,2027,-0.008,0.0,10,sequential_paper_bound_010,ok,0.005380377560296155,0.005380377560296155,9.043106644167024,5.0,11.0,0.0038745618969926593,0.0014320219214757866,35.09898686041008,0.9773894404605804,0.9723389983259547,1327540.9349055865,0.9921870862413967,52.19531092402907,0.9980911376915613,0.9994603040051491,25906.903959819145,1.0,237.38,1,12.978614889287858,7.222222222222222,False
search_range,c0_s2027_k1_m0.0080_noise_10,0,2027,-0.008,0.0,10,sequential_paper_bound_020,ok,0.005380701195914831,0.005380701195914831,9.195409482755814,5.055555555555555,10.0,0.0038747785948411093,0.0010920639694929702,35.09175927692803,0.9773047175348057,0.9722944159439006,1329752.0846556658,0.992427138189329,52.19485187995774,0.9980909977448804,0.9994602469396997,25909.642433295998,1.0,235.8,1,12.978614889287858,7.222222222222222,False
search_range,c0_s2027_k1_m0.0080_noise_10,0,2027,-0.008,0.0,10,sequential_paper_matched,ok,0.005380202677150277,0.005380202677150277,8.787617550976046,4.833333333333333,10.0,0.0038744456879953415,0.001443392579896437,35.33007720027733,0.978173034694091,0.9737716427453502,1258748.2723965724,0.9925606922706727,52.19555492550589,0.9980912104000337,0.9994603343350437,25905.44846233631,1.0,599.92,1,12.978614889287858,7.222222222222222,False
search_range,c0_s2027_k1_p0.0080_noise_10,0,2027,0.008,0.0,10,sequential_paper_bound_010,ok,0.0052125272310826086,-0.0052125272310826086,8.537498983243799,4.666666666666667,10.0,0.0036357932362184623,0.0012646273463233675,36.597928676160635,0.9837073802588633,0.9804417829933476,940056.030785734,1.0,52.736822759447655,0.9982513047446011,0.9995240803596712,22869.903473095113,1.0,226.19,1,12.556538801224908,6.944444444444445,False
search_range,c0_s2027_k1_p0.0080_noise_10,0,2027,0.008,0.0,10,sequential_paper_bound_020,ok,0.005212228490587019,-0.005212228490587019,8.537498983243799,4.666666666666667,10.0,0.003635610926189791,0.001185219054193329,36.60200176229799,0.9836935662574935,0.9804603227511992,939174.8005599382,1.0,52.73725119136923,0.9982514234916849,0.9995241273047348,22867.647466210674,1.0,223.43,1,12.556538801224908,6.944444444444445,False
search_range,c0_s2027_k1_p0.0080_noise_10,0,2027,0.008,0.0,10,sequential_paper_matched,ok,0.005212359827298079,-0.005212359827298079,8.595864638818417,4.722222222222222,10.0,0.003635694439466398,0.0011616778171873357,36.545643720229826,0.9835539240915946,0.9802053264528301,951441.8175365205,1.0,52.73706227456139,0.9982513711897913,0.9995241066184712,22868.642223709274,1.0,570.21,1,12.556538801224908,6.944444444444445,False
search_range,c1_s2026_k1_m0.0080_noise_00,1,2026,-0.008,0.0,0,sequential_paper_bound_010,ok,0.005680522336294456,0.005680522336294456,10.598742063723098,5.833333333333333,12.0,0.007402805207249517,0.002340503788093666,30.786014015721946,0.9668414854270323,0.9453306195103016,3583811.88973541,0.9912936554903392,49.207050839918594,0.9969084867181659,0.9992104993792285,51551.52576043075,1.0,225.72,1,14.247806848775006,7.833333333333333,False
search_range,c1_s2026_k1_m0.0080_noise_00,1,2026,-0.008,0.0,0,sequential_paper_bound_020,ok,0.005680223880773865,0.005680223880773865,10.23067283548187,5.666666666666667,11.0,0.007402433545876696,0.0021324882723661592,30.995936824294862,0.9680458168123679,0.9479006220203714,3414702.913454176,0.9916714350846572,49.20744177746019,0.9969086672219195,0.9992105704434289,51546.8854712858,1.0,227.6,1,14.247806848775006,7.833333333333333,False
search_range,c1_s2026_k1_m0.0080_noise_00,1,2026,-0.008,0.0,0,sequential_paper_matched,ok,0.005679854765071393,0.005679854765071393,10.23067283548187,5.666666666666667,11.0,0.007401985903797317,0.0021326329836589483,30.995946681521353,0.9680458837105135,0.9479007398723731,3414695.163076675,0.9916714350846572,49.20792579593354,0.9969088876938884,0.9992106584246335,51541.14092338292,1.0,571.39,1,14.247806848775006,7.833333333333333,False
search_range,c1_s2026_k1_m0.0080_noise_10,1,2026,-0.008,0.0,10,sequential_paper_bound_010,ok,0.006097377647616797,0.006097377647616797,11.020183503211026,6.055555555555555,12.0,0.007903748134367984,0.0024110365311630034,30.492161542950033,0.9652850551161649,0.9415142672174566,3834691.6980570457,0.9909160198120571,48.68000851955739,0.9966630749798592,0.9991086458174631,58203.05162194452,1.0,231.84,1,14.487542541400487,7.944444444444445,False
search_range,c1_s2026_k1_m0.0080_noise_10,1,2026,-0.008,0.0,10,sequential_paper_bound_020,ok,0.006097607257262912,0.006097607257262912,10.954451150103322,6.0,12.0,0.007904022909423172,0.002352947128156142,30.523833550447126,0.9655494513566635,0.9419405715044663,3806827.978171265,0.9909160198120571,48.679729991264395,0.9966629377847249,0.9991085886602689,58206.78450761143,1.0,232.16,1,14.487542541400487,7.944444444444445,False
search_range,c1_s2026_k1_m0.0080_noise_10,1,2026,-0.008,0.0,10,sequential_paper_matched,ok,0.006097152142422469,0.006097152142422469,10.954451150103322,6.0,12.0,0.00790347592475332,0.0023530478899264798,30.52384527671456,0.9655495434132232,0.9419407265159341,3806817.69947224,0.9909160198120571,48.68028201078167,0.9966632075712113,0.9991087019367266,58199.3864769081,1.0,601.7,1,14.487542541400487,7.944444444444445,False
search_range,c1_s2026_k1_p0.0080_noise_00,1,2026,0.008,0.0,0,sequential_paper_bound_010,ok,0.005662239406673156,-0.005662239406673156,9.938701010583715,5.5,11.0,0.007062980623819417,0.0021517924211914663,33.459339308804005,0.9761721617393095,0.9702388023459857,1936478.487119164,1.0,49.56074851723086,0.997079233566267,0.9992722056708272,47519.488342108496,1.0,229.79,1,14.204850501775011,7.888888888888889,False
search_range,c1_s2026_k1_p0.0080_noise_00,1,2026,0.008,0.0,0,sequential_paper_bound_020,ok,0.005661356774449089,-0.005661356774449089,9.689627902499089,5.277777777777778,11.0,0.007061960397248793,0.002302038678802015,33.65216112495169,0.9768788836358057,0.9715281202549312,1852381.756142727,1.0,49.561905954254314,0.99707973172702,0.999272399623034,47506.82562384723,1.0,226.18,1,14.204850501775011,7.888888888888889,False
search_range,c1_s2026_k1_p0.0080_noise_00,1,2026,0.008,0.0,0,sequential_paper_matched,ok,0.0056622617132164235,-0.0056622617132164235,9.504384952922168,5.166666666666667,11.0,0.007063008516162127,0.0020238389196411146,33.78290921293087,0.9774593640822704,0.9723737616094235,1797445.3143450306,1.0,49.560719714721074,0.9970792222123586,0.9992722008433235,47519.803493491614,1.0,607.67,1,14.204850501775011,7.888888888888889,False
search_range,c1_s2026_k1_p0.0080_noise_10,1,2026,0.008,0.0,10,sequential_paper_bound_010,ok,0.005935830826387737,-0.005935830826387737,10.23067283548187,5.666666666666667,11.0,0.0073788814918614365,0.0020128862833134267,33.229533457756965,0.9753929810002198,0.9686146561522322,2041706.2665691972,1.0,49.21190464499571,0.9969277943223332,0.9992113226951721,51493.942417170205,1.0,244.09,1,14.071247279470288,7.777777777777778,False
search_range,c1_s2026_k1_p0.0080_noise_10,1,2026,0.008,0.0,10,sequential_paper_bound_020,ok,0.005934879367470027,-0.005934879367470027,10.30102476024163,5.611111111111111,12.0,0.0073777853391680925,0.002176103949825781,33.185496181897605,0.9753094821086897,0.9682912079103504,2062514.3998302256,1.0,49.2130875106147,0.9969283141010501,0.9992115375189518,51479.919185829924,1.0,245.01,1,14.071247279470288,7.777777777777778,False
search_range,c1_s2026_k1_p0.0080_noise_10,1,2026,0.008,0.0,10,sequential_paper_matched,ok,0.00593531756540272,-0.00593531756540272,10.837178804672572,5.944444444444445,12.0,0.007378284672144823,0.002344000419741123,32.7890344589813,0.9739334887942879,0.9652522868703675,2259660.3316332903,1.0,49.21254333616517,0.9969280759186065,0.9992114386965149,51486.370064903254,1.0,641.53,1,14.071247279470288,7.777777777777778,False
search_range,c1_s2027_k1_m0.0080_noise_10,1,2027,-0.008,0.0,10,sequential_paper_bound_010,ok,0.005680522336294456,0.005680522336294456,10.598742063723098,5.833333333333333,12.0,0.007402805207249517,0.002340503788093666,30.786014015721946,0.9668414854270323,0.9453306195103016,3583811.88973541,0.9912936554903392,49.207050839918594,0.9969084867181659,0.9992104993792285,51551.52576043075,1.0,262.63,1,14.247806848775006,7.833333333333333,False
search_range,c1_s2027_k1_m0.0080_noise_10,1,2027,-0.008,0.0,10,sequential_paper_bound_020,ok,0.005680223880773865,0.005680223880773865,10.23067283548187,5.666666666666667,11.0,0.007402433545876696,0.0021324882723661592,30.995936824294862,0.9680458168123679,0.9479006220203714,3414702.913454176,0.9916714350846572,49.20744177746019,0.9969086672219195,0.9992105704434289,51546.8854712858,1.0,257.27,1,14.247806848775006,7.833333333333333,False
search_range,c1_s2027_k1_m0.0080_noise_10,1,2027,-0.008,0.0,10,sequential_paper_matched,ok,0.005679854765071393,0.005679854765071393,10.23067283548187,5.666666666666667,11.0,0.007401985903797317,0.0021326329836589483,30.995946681521353,0.9680458837105135,0.9479007398723731,3414695.163076675,0.9916714350846572,49.20792579593354,0.9969088876938884,0.9992106584246335,51541.14092338292,1.0,704.3,1,14.247806848775006,7.833333333333333,False
search_range,c1_s2027_k1_p0.0080_noise_10,1,2027,0.008,0.0,10,sequential_paper_bound_010,ok,0.005743508764902794,-0.005743508764902794,9.632122184533259,5.277777777777778,11.0,0.007157321424030053,0.001972938801182824,33.71518857192386,0.9769313315428649,0.9719404048474961,1825692.9997066811,1.0,49.45526028677314,0.9970339468570776,0.9992543089677708,48687.847963393804,1.0,265.04,1,13.824294235551815,7.666666666666667,False
search_range,c1_s2027_k1_p0.0080_noise_10,1,2027,0.008,0.0,10,sequential_paper_bound_020,ok,0.005743196275273119,-0.005743196275273119,9.93310961716756,5.444444444444445,11.0,0.007156966083225668,0.0021618120374077604,33.46432860971499,0.9762736213954573,0.9702713201533485,1934255.0818949724,1.0,49.45566338209811,0.9970341190319745,0.9992543781867855,48683.32915554675,1.0,258.7,1,13.824294235551815,7.666666666666667,False
search_range,c1_s2027_k1_p0.0080_noise_10,1,2027,0.008,0.0,10,sequential_paper_matched,ok,0.005743928635086328,-0.005743928635086328,9.814954576223638,5.388888888888889,11.0,0.007157806128537417,0.0020085069876417277,33.55622606565672,0.9764745358729372,0.9708929625656295,1893755.9090310128,1.0,49.45471794223132,0.9970337086678686,0.999254215820323,48693.92845451735,1.0,722.05,1,13.824294235551815,7.666666666666667,False
search_range,c2_s2026_k1_m0.0080_noise_00,2,2026,-0.008,0.0,0,sequential_paper_bound_010,ok,0.005570581855978248,0.005570581855978248,9.128709291752768,5.0,10.0,0.005328816518313901,0.001473391252865315,35.619615487363646,0.9752457777785759,0.9833675546927955,1177565.460570829,0.992427138189329,50.65985363230959,0.9972110526501703,0.9994778996353039,36894.46731063276,1.0,273.67,1,12.905640455070625,7.055555555555555,False
search_range,c2_s2026_k1_m0.0080_noise_00,2,2026,-0.008,0.0,0,sequential_paper_bound_020,ok,0.00557082566394559,0.00557082566394559,9.128709291752768,5.0,10.0,0.0053290278123620995,0.0014733146629326598,35.61961324715347,0.9752457551618271,0.9833675457832008,1177566.067991584,0.992427138189329,50.65953144919199,0.9972109099482664,0.9994778608835575,36897.20444313597,1.0,271.85,1,12.905640455070625,7.055555555555555,False
search_range,c2_s2026_k1_m0.0080_noise_00,2,2026,-0.008,0.0,0,sequential_paper_matched,ok,0.005570034875777809,0.005570034875777809,9.38083151964686,5.111111111111111,11.0,0.005328336071346128,0.0016381583936643628,35.31007009700241,0.9744787117802193,0.9821388031926056,1264560.4587353577,0.992178163447169,50.6605644681925,0.9972113741110168,0.9994779851123942,36888.429065575845,1.0,734.39,1,12.905640455070625,7.055555555555555,False
search_range,c2_s2026_k1_m0.0080_noise_10,2,2026,-0.008,0.0,10,sequential_paper_bound_010,ok,0.005570581855978248,0.005570581855978248,9.128709291752768,5.0,10.0,0.005328816518313901,0.001473391252865315,35.619615487363646,0.9752457777785759,0.9833675546927955,1177565.460570829,0.992427138189329,50.65985363230959,0.9972110526501703,0.9994778996353039,36894.46731063276,1.0,286.09,1,12.905640455070625,7.055555555555555,False
search_range,c2_s2026_k1_m0.0080_noise_10,2,2026,-0.008,0.0,10,sequential_paper_bound_020,ok,0.00557082566394559,0.00557082566394559,9.128709291752768,5.0,10.0,0.0053290278123620995,0.0014733146629326598,35.61961324715347,0.9752457551618271,0.9833675457832008,1177566.067991584,0.992427138189329,50.65953144919199,0.9972109099482664,0.9994778608835575,36897.20444313597,1.0,279.81,1,12.905640455070625,7.055555555555555,False
search_range,c2_s2026_k1_m0.0080_noise_10,2,2026,-0.008,0.0,10,sequential_paper_matched,ok,0.005570034875777809,0.005570034875777809,9.38083151964686,5.111111111111111,11.0,0.005328336071346128,0.0016381583936643628,35.31007009700241,0.9744787117802193,0.9821388031926056,1264560.4587353577,0.992178163447169,50.6605644681925,0.9972113741110168,0.9994779851123942,36888.429065575845,1.0,796.28,1,12.905640455070625,7.055555555555555,False
search_range,c2_s2026_k1_p0.0080_noise_00,2,2026,0.008,0.0,0,sequential_paper_bound_010,ok,0.005700781385338156,-0.005700781385338156,8.602325267042627,4.666666666666667,10.0,0.005255398195582233,0.0013178882886793232,37.248516168219254,0.9805266351376221,0.9885651982138486,809272.8873782812,1.0,50.738909171249176,0.9972611873160773,0.9994882703474283,36228.945250220335,1.0,260.14,1,12.797569213634977,7.0,False
search_range,c2_s2026_k1_p0.0080_noise_00,2,2026,0.008,0.0,0,sequential_paper_bound_020,ok,0.005700293041630954,-0.005700293041630954,8.602325267042627,4.666666666666667,10.0,0.005254997495606045,0.0013179431858957058,37.248522781414906,0.980526685680288,0.9885652141345432,809271.6550633223,1.0,50.73953102513741,0.9972614645128499,0.9994883435374831,36223.75810220298,1.0,263.29,1,12.797569213634977,7.0,False
search_range,c2_s2026_k1_p0.0080_noise_00,2,2026,0.008,0.0,0,sequential_paper_matched,ok,0.0057005491553196825,-0.0057005491553196825,9.128709291752768,5.0,10.0,0.005255206660884447,0.001386166023370005,36.84705247975409,0.9794916038304977,0.987462463420048,887649.1868306375,1.0,50.73920579333242,0.997261319783293,0.9994883052695048,36226.47090650084,1.0,358.51,1,12.797569213634977,7.0,False
search_range,c2_s2026_k1_p0.0080_noise_10,2,2026,0.008,0.0,10,sequential_paper_bound_010,ok,0.00562200661881242,-0.00562200661881242,9.153020145163987,5.0,11.0,0.005189559002913747,0.0015428553516541295,36.64761259387695,0.9792509522934368,0.9868726011369069,929362.935547808,1.0,50.83992304136875,0.9973052769833165,0.9995000248602514,35396.009532782344,1.0,283.95,1,13.05543735171076,7.222222222222222,False
search_range,c2_s2026_k1_p0.0080_noise_10,2,2026,0.008,0.0,10,sequential_paper_bound_020,ok,0.005622961354322787,-0.005622961354322787,9.128709291752768,5.0,10.0,0.005190366461672467,0.0014124011174941225,36.84773060320393,0.9794982179775039,0.9874641705634501,887510.5968272847,1.0,50.83867931834517,0.9973047373070129,0.9994998817661904,35406.14761604526,1.0,277.69,1,13.05543735171076,7.222222222222222,False
search_range,c2_s2026_k1_p0.0080_noise_10,2,2026,0.008,0.0,10,sequential_paper_matched,ok,0.005621981972358003,-0.005621981972358003,9.16515138991168,5.0,11.0,0.005189538151886516,0.001481384341998797,36.6447427559952,0.9792216578968035,0.9868632517668611,929977.2657975643,1.0,50.83995484506322,0.9973052909649488,0.9995000285194169,35395.75032623067,1.0,395.61,1,13.05543735171076,7.222222222222222,False
search_range,c2_s2027_k1_m0.0080_noise_10,2,2027,-0.008,0.0,10,sequential_paper_bound_010,ok,0.005570581855978248,0.005570581855978248,9.128709291752768,5.0,10.0,0.005328816518313901,0.001473391252865315,35.619615487363646,0.9752457777785759,0.9833675546927955,1177565.460570829,0.992427138189329,50.65985363230959,0.9972110526501703,0.9994778996353039,36894.46731063276,1.0,308.15,1,12.905640455070625,7.055555555555555,False
search_range,c2_s2027_k1_m0.0080_noise_10,2,2027,-0.008,0.0,10,sequential_paper_bound_020,ok,0.00557082566394559,0.00557082566394559,9.128709291752768,5.0,10.0,0.0053290278123620995,0.0014733146629326598,35.61961324715347,0.9752457551618271,0.9833675457832008,1177566.067991584,0.992427138189329,50.65953144919199,0.9972109099482664,0.9994778608835575,36897.20444313597,1.0,308.7,1,12.905640455070625,7.055555555555555,False
search_range,c2_s2027_k1_m0.0080_noise_10,2,2027,-0.008,0.0,10,sequential_paper_matched,ok,0.005570034875777809,0.005570034875777809,9.38083151964686,5.111111111111111,11.0,0.005328336071346128,0.0016381583936643628,35.31007009700241,0.9744787117802193,0.9821388031926056,1264560.4587353577,0.992178163447169,50.6605644681925,0.9972113741110168,0.9994779851123942,36888.429065575845,1.0,466.1,1,12.905640455070625,7.055555555555555,False
search_range,c2_s2027_k1_p0.0080_noise_10,2,2027,0.008,0.0,10,sequential_paper_bound_010,ok,0.00562200661881242,-0.00562200661881242,9.153020145163987,5.0,11.0,0.005189559002913747,0.0015428553516541295,36.64761259387695,0.9792509522934368,0.9868726011369069,929362.935547808,1.0,50.83992304136875,0.9973052769833165,0.9995000248602514,35396.009532782344,1.0,302.82,1,13.05543735171076,7.222222222222222,False
search_range,c2_s2027_k1_p0.0080_noise_10,2,2027,0.008,0.0,10,sequential_paper_bound_020,ok,0.005622961354322787,-0.005622961354322787,9.128709291752768,5.0,10.0,0.005190366461672467,0.0014124011174941225,36.84773060320393,0.9794982179775039,0.9874641705634501,887510.5968272847,1.0,50.83867931834517,0.9973047373070129,0.9994998817661904,35406.14761604526,1.0,294.91,1,13.05543735171076,7.222222222222222,False
search_range,c2_s2027_k1_p0.0080_noise_10,2,2027,0.008,0.0,10,sequential_paper_matched,ok,0.005621981972358003,-0.005621981972358003,9.16515138991168,5.0,11.0,0.005189538151886516,0.001481384341998797,36.6447427559952,0.9792216578968035,0.9868632517668611,929977.2657975643,1.0,50.83995484506322,0.9973052909649488,0.9995000285194169,35395.75032623067,1.0,495.37,1,13.05543735171076,7.222222222222222,False
search_range,c3_s2026_k1_m0.0080_noise_00,3,2026,-0.008,0.0,0,sequential_paper_bound_010,ok,0.005453551280182242,0.005453551280182242,9.93310961716756,5.444444444444445,11.0,0.005471128163365017,0.0017909818235488104,34.0017215849869,0.9657065298604479,0.9757137871143817,1709127.4487051975,0.9918003838528511,45.97691574415102,0.9941825736140536,0.9984626047975923,108456.36212602699,1.0,319.48,1,13.824294235551815,7.666666666666667,False
search_range,c3_s2026_k1_m0.0080_noise_00,3,2026,-0.008,0.0,0,sequential_paper_bound_020,ok,0.0054534815006014965,0.0054534815006014965,9.809292646374775,5.333333333333333,11.0,0.005471070031574437,0.001806181201835411,34.10815586257903,0.9661872776776934,0.976306883197817,1667750.2762900528,0.9918003838528511,45.977015479700555,0.9941826702110619,0.9984626400355295,108453.87145872107,1.0,319.77,1,13.824294235551815,7.666666666666667,False
search_range,c3_s2026_k1_m0.0080_noise_00,3,2026,-0.008,0.0,0,sequential_paper_matched,ok,0.0054534904863912555,0.0054534904863912555,9.809292646374775,5.333333333333333,11.0,0.005471077837063689,0.0018061780391471825,34.10815534421939,0.966187273284824,0.9763068804828381,1667750.475347266,0.9918003838528511,45.97700331615329,0.9941826585837581,0.9984626357415108,108454.17521243986,1.0,544.58,1,13.824294235551815,7.666666666666667,False
search_range,c3_s2026_k1_m0.0080_noise_10,3,2026,-0.008,0.0,10,sequential_paper_bound_010,ok,0.005453551280182242,0.005453551280182242,9.93310961716756,5.444444444444445,11.0,0.005471128163365017,0.0017909818235488104,34.0017215849869,0.9657065298604479,0.9757137871143817,1709127.4487051975,0.9918003838528511,45.97691574415102,0.9941825736140536,0.9984626047975923,108456.36212602699,1.0,335.5,1,13.824294235551815,7.666666666666667,False
search_range,c3_s2026_k1_m0.0080_noise_10,3,2026,-0.008,0.0,10,sequential_paper_bound_020,ok,0.0054534815006014965,0.0054534815006014965,9.809292646374775,5.333333333333333,11.0,0.005471070031574437,0.001806181201835411,34.10815586257903,0.9661872776776934,0.976306883197817,1667750.2762900528,0.9918003838528511,45.977015479700555,0.9941826702110619,0.9984626400355295,108453.87145872107,1.0,335.4,1,13.824294235551815,7.666666666666667,False
search_range,c3_s2026_k1_m0.0080_noise_10,3,2026,-0.008,0.0,10,sequential_paper_matched,ok,0.0054534904863912555,0.0054534904863912555,9.809292646374775,5.333333333333333,11.0,0.005471077837063689,0.0018061780391471825,34.10815534421939,0.966187273284824,0.9763068804828381,1667750.475347266,0.9918003838528511,45.97700331615329,0.9941826585837581,0.9984626357415108,108454.17521243986,1.0,590.81,1,13.824294235551815,7.666666666666667,False
search_range,c3_s2026_k1_p0.0080_noise_00,3,2026,0.008,0.0,0,sequential_paper_bound_010,ok,0.005586171054765089,-0.005586171054765089,9.255628917943215,5.055555555555555,11.0,0.005404572666952145,0.0014641618290944592,35.674169730678415,0.9730998851168291,0.983411542164317,1162865.8974646665,1.0,46.08678834052614,0.9943369830630554,0.9984934174157601,105746.93133942223,1.0,308.33,1,13.820274961085254,7.611111111111111,False
search_range,c3_s2026_k1_p0.0080_noise_00,3,2026,0.008,0.0,0,sequential_paper_bound_020,ok,0.0055866921367843944,-0.0055866921367843944,9.195409482755814,5.055555555555555,10.0,0.005404992525856497,0.0015022952484672314,35.697003226332505,0.9731696226677193,0.9834973696950262,1156768.0500524272,1.0,46.08606781945142,0.9943362905929887,0.9984931671513522,105764.47685670936,1.0,304.38,1,13.820274961085254,7.611111111111111,False
search_range,c3_s2026_k1_p0.0080_noise_00,3,2026,0.008,0.0,0,sequential_paper_matched,ok,0.005586500546193799,-0.005586500546193799,9.195409482755814,5.055555555555555,10.0,0.005404830903103534,0.001502344789210065,35.69702256800873,0.9731697315917714,0.9834974445067801,1156762.898298444,1.0,46.08633057652328,0.9943365434189153,0.9984932584321868,105758.07808243683,1.0,573.65,1,13.820274961085254,7.611111111111111,False
search_range,c3_s2026_k1_p0.0080_noise_10,3,2026,0.008,0.0,10,sequential_paper_bound_010,ok,0.005586171054765089,-0.005586171054765089,9.255628917943215,5.055555555555555,11.0,0.005404572666952145,0.0014641618290944592,35.674169730678415,0.9730998851168291,0.983411542164317,1162865.8974646665,1.0,46.08678834052614,0.9943369830630554,0.9984934174157601,105746.93133942223,1.0,321.2,1,13.820274961085254,7.611111111111111,False
search_range,c3_s2026_k1_p0.0080_noise_10,3,2026,0.008,0.0,10,sequential_paper_bound_020,ok,0.0055866921367843944,-0.0055866921367843944,9.195409482755814,5.055555555555555,10.0,0.005404992525856497,0.0015022952484672314,35.697003226332505,0.9731696226677193,0.9834973696950262,1156768.0500524272,1.0,46.08606781945142,0.9943362905929887,0.9984931671513522,105764.47685670936,1.0,312.04,1,13.820274961085254,7.611111111111111,False
search_range,c3_s2026_k1_p0.0080_noise_10,3,2026,0.008,0.0,10,sequential_paper_matched,ok,0.005586500546193799,-0.005586500546193799,9.195409482755814,5.055555555555555,10.0,0.005404830903103534,0.001502344789210065,35.69702256800873,0.9731697315917714,0.9834974445067801,1156762.898298444,1.0,46.08633057652328,0.9943365434189153,0.9984932584321868,105758.07808243683,1.0,620.4,1,13.820274961085254,7.611111111111111,False
search_range,c3_s2027_k1_m0.0080_noise_10,3,2027,-0.008,0.0,10,sequential_paper_bound_010,ok,0.005453551280182242,0.005453551280182242,9.93310961716756,5.444444444444445,11.0,0.005471128163365017,0.0017909818235488104,34.0017215849869,0.9657065298604479,0.9757137871143817,1709127.4487051975,0.9918003838528511,45.97691574415102,0.9941825736140536,0.9984626047975923,108456.36212602699,1.0,347.95,1,13.824294235551815,7.666666666666667,False
search_range,c3_s2027_k1_m0.0080_noise_10,3,2027,-0.008,0.0,10,sequential_paper_bound_020,ok,0.0054534815006014965,0.0054534815006014965,9.809292646374775,5.333333333333333,11.0,0.005471070031574437,0.001806181201835411,34.10815586257903,0.9661872776776934,0.976306883197817,1667750.2762900528,0.9918003838528511,45.977015479700555,0.9941826702110619,0.9984626400355295,108453.87145872107,1.0,344.6,1,13.824294235551815,7.666666666666667,False
search_range,c3_s2027_k1_m0.0080_noise_10,3,2027,-0.008,0.0,10,sequential_paper_matched,ok,0.0054534904863912555,0.0054534904863912555,9.809292646374775,5.333333333333333,11.0,0.005471077837063689,0.0018061780391471825,34.10815534421939,0.966187273284824,0.9763068804828381,1667750.475347266,0.9918003838528511,45.97700331615329,0.9941826585837581,0.9984626357415108,108454.17521243986,1.0,696.19,1,13.824294235551815,7.666666666666667,False
search_range,c3_s2027_k1_p0.0080_noise_10,3,2027,0.008,0.0,10,sequential_paper_bound_010,ok,0.005586171054765089,-0.005586171054765089,9.255628917943215,5.055555555555555,11.0,0.005404572666952145,0.0014641618290944592,35.674169730678415,0.9730998851168291,0.983411542164317,1162865.8974646665,1.0,46.08678834052614,0.9943369830630554,0.9984934174157601,105746.93133942223,1.0,333.95,1,13.820274961085254,7.611111111111111,False
search_range,c3_s2027_k1_p0.0080_noise_10,3,2027,0.008,0.0,10,sequential_paper_bound_020,ok,0.0055866921367843944,-0.0055866921367843944,9.195409482755814,5.055555555555555,10.0,0.005404992525856497,0.0015022952484672314,35.697003226332505,0.9731696226677193,0.9834973696950262,1156768.0500524272,1.0,46.08606781945142,0.9943362905929887,0.9984931671513522,105764.47685670936,1.0,326.86,1,13.820274961085254,7.611111111111111,False
search_range,c3_s2027_k1_p0.0080_noise_10,3,2027,0.008,0.0,10,sequential_paper_matched,ok,0.005586500546193799,-0.005586500546193799,9.195409482755814,5.055555555555555,10.0,0.005404830903103534,0.001502344789210065,35.69702256800873,0.9731697315917714,0.9834974445067801,1156762.898298444,1.0,46.08633057652328,0.9943365434189153,0.9984932584321868,105758.07808243683,1.0,720.33,1,13.820274961085254,7.611111111111111,False
oracle_k1,c0_s2026_k1_m0.0080_noise_00,0,2026,-0.008,0.0,0,oracle_k1_paper,ok,0.0,0.0,0.0,0.0,0.0,0.00010235709225573896,0.00010235709225573896,73.01802968735605,0.9999549621568892,0.9999955376380132,214.35994591491453,1.0,73.01802968735605,0.9999549621568892,0.9999955376380132,214.35994591491453,1.0,186.68,1,12.978614889287858,7.222222222222222,False
oracle_k1,c0_s2026_k1_m0.0080_noise_00,0,2026,-0.008,0.0,0,sequential_paper_matched,ok,0.005380202677150277,0.005380202677150277,8.787617550976046,4.833333333333333,10.0,0.0038744456879953415,0.001443392579896437,35.33007720027733,0.978173034694091,0.9737716427453502,1258748.2723965724,0.9925606922706727,52.19555492550589,0.9980912104000337,0.9994603343350437,25905.44846233631,1.0,430.35,1,12.978614889287858,7.222222222222222,False
oracle_k1,c0_s2026_k1_m0.0080_noise_10,0,2026,-0.008,0.0,10,oracle_k1_paper,ok,0.0,0.0,0.0,0.0,0.0,0.00010235709225573896,0.00010235709225573896,73.01802968735605,0.9999549621568892,0.9999955376380132,214.35994591491453,1.0,73.01802968735605,0.9999549621568892,0.9999955376380132,214.35994591491453,1.0,199.04,1,12.978614889287858,7.222222222222222,False
oracle_k1,c0_s2026_k1_m0.0080_noise_10,0,2026,-0.008,0.0,10,sequential_paper_matched,ok,0.005380202677150277,0.005380202677150277,8.787617550976046,4.833333333333333,10.0,0.0038744456879953415,0.001443392579896437,35.33007720027733,0.978173034694091,0.9737716427453502,1258748.2723965724,0.9925606922706727,52.19555492550589,0.9980912104000337,0.9994603343350437,25905.44846233631,1.0,472.04,1,12.978614889287858,7.222222222222222,False
oracle_k1,c0_s2026_k1_p0.0080_noise_00,0,2026,0.008,0.0,0,oracle_k1_paper,ok,0.0,0.0,0.0,0.0,0.0,9.242452530747908e-05,9.242452530747908e-05,73.44759623123662,0.9999596321910325,0.9999959562303962,194.17217010882644,1.0,73.44759623123662,0.9999596321910325,0.9999959562303962,194.17217010882644,1.0,185.39,1,12.556538801224908,6.944444444444445,False
oracle_k1,c0_s2026_k1_p0.0080_noise_00,0,2026,0.008,0.0,0,sequential_paper_matched,ok,0.005212359827298079,-0.005212359827298079,8.595864638818417,4.722222222222222,10.0,0.003635694439466398,0.0011616778171873357,36.545643720229826,0.9835539240915946,0.9802053264528301,951441.8175365205,1.0,52.73706227456139,0.9982513711897913,0.9995241066184712,22868.642223709274,1.0,478.94,1,12.556538801224908,6.944444444444445,False
oracle_k1,c0_s2026_k1_p0.0080_noise_10,0,2026,0.008,0.0,10,oracle_k1_paper,ok,0.0,0.0,0.0,0.0,0.0,9.242452530747908e-05,9.242452530747908e-05,73.44759623123662,0.9999596321910325,0.9999959562303962,194.17217010882644,1.0,73.44759623123662,0.9999596321910325,0.9999959562303962,194.17217010882644,1.0,203.9,1,12.556538801224908,6.944444444444445,False
oracle_k1,c0_s2026_k1_p0.0080_noise_10,0,2026,0.008,0.0,10,sequential_paper_matched,ok,0.005212359827298079,-0.005212359827298079,8.595864638818417,4.722222222222222,10.0,0.003635694439466398,0.0011616778171873357,36.545643720229826,0.9835539240915946,0.9802053264528301,951441.8175365205,1.0,52.73706227456139,0.9982513711897913,0.9995241066184712,22868.642223709274,1.0,521.69,1,12.556538801224908,6.944444444444445,False
oracle_k1,c0_s2027_k1_m0.0080_noise_10,0,2027,-0.008,0.0,10,oracle_k1_paper,ok,0.0,0.0,0.0,0.0,0.0,0.00010235709225573896,0.00010235709225573896,73.01802968735605,0.9999549621568892,0.9999955376380132,214.35994591491453,1.0,73.01802968735605,0.9999549621568892,0.9999955376380132,214.35994591491453,1.0,229.8,1,12.978614889287858,7.222222222222222,False
oracle_k1,c0_s2027_k1_m0.0080_noise_10,0,2027,-0.008,0.0,10,sequential_paper_matched,ok,0.005380202677150277,0.005380202677150277,8.787617550976046,4.833333333333333,10.0,0.0038744456879953415,0.001443392579896437,35.33007720027733,0.978173034694091,0.9737716427453502,1258748.2723965724,0.9925606922706727,52.19555492550589,0.9980912104000337,0.9994603343350437,25905.44846233631,1.0,599.92,1,12.978614889287858,7.222222222222222,False
oracle_k1,c0_s2027_k1_p0.0080_noise_10,0,2027,0.008,0.0,10,oracle_k1_paper,ok,0.0,0.0,0.0,0.0,0.0,9.242452530747908e-05,9.242452530747908e-05,73.44759623123662,0.9999596321910325,0.9999959562303962,194.17217010882644,1.0,73.44759623123662,0.9999596321910325,0.9999959562303962,194.17217010882644,1.0,220.34,1,12.556538801224908,6.944444444444445,False
oracle_k1,c0_s2027_k1_p0.0080_noise_10,0,2027,0.008,0.0,10,sequential_paper_matched,ok,0.005212359827298079,-0.005212359827298079,8.595864638818417,4.722222222222222,10.0,0.003635694439466398,0.0011616778171873357,36.545643720229826,0.9835539240915946,0.9802053264528301,951441.8175365205,1.0,52.73706227456139,0.9982513711897913,0.9995241066184712,22868.642223709274,1.0,570.21,1,12.556538801224908,6.944444444444445,False
oracle_k1,c1_s2026_k1_m0.0080_noise_00,1,2026,-0.008,0.0,0,oracle_k1_paper,ok,0.0,0.0,0.0,0.0,0.0,0.00014220624365430097,0.00014220624365430097,70.11117585148749,0.9999125569355585,0.9999935899061183,418.6287225141959,1.0,70.11117585148749,0.9999125569355585,0.9999935899061183,418.6287225141959,1.0,218.87,1,14.247806848775006,7.833333333333333,False
oracle_k1,c1_s2026_k1_m0.0080_noise_00,1,2026,-0.008,0.0,0,sequential_paper_matched,ok,0.005679854765071393,0.005679854765071393,10.23067283548187,5.666666666666667,11.0,0.007401985903797317,0.0021326329836589483,30.995946681521353,0.9680458837105135,0.9479007398723731,3414695.163076675,0.9916714350846572,49.20792579593354,0.9969088876938884,0.9992106584246335,51541.14092338292,1.0,571.39,1,14.247806848775006,7.833333333333333,False
oracle_k1,c1_s2026_k1_m0.0080_noise_10,1,2026,-0.008,0.0,10,oracle_k1_paper,ok,0.0,0.0,0.0,0.0,0.0,0.00014220624365430097,0.00014220624365430097,70.11117585148749,0.9999125569355585,0.9999935899061183,418.6287225141959,1.0,70.11117585148749,0.9999125569355585,0.9999935899061183,418.6287225141959,1.0,227.54,1,14.487542541400487,7.944444444444445,False
oracle_k1,c1_s2026_k1_m0.0080_noise_10,1,2026,-0.008,0.0,10,sequential_paper_matched,ok,0.006097152142422469,0.006097152142422469,10.954451150103322,6.0,12.0,0.00790347592475332,0.0023530478899264798,30.52384527671456,0.9655495434132232,0.9419407265159341,3806817.69947224,0.9909160198120571,48.68028201078167,0.9966632075712113,0.9991087019367266,58199.3864769081,1.0,601.7,1,14.487542541400487,7.944444444444445,False
oracle_k1,c1_s2026_k1_p0.0080_noise_00,1,2026,0.008,0.0,0,oracle_k1_paper,ok,0.0,0.0,0.0,0.0,0.0,0.0001299354141287364,0.0001299354141287364,70.55755544650123,0.9999216985345826,0.9999942153078191,377.7383360280412,1.0,70.55755544650123,0.9999216985345826,0.9999942153078191,377.7383360280412,1.0,218.55,1,14.204850501775011,7.888888888888889,False
oracle_k1,c1_s2026_k1_p0.0080_noise_00,1,2026,0.008,0.0,0,sequential_paper_matched,ok,0.0056622617132164235,-0.0056622617132164235,9.504384952922168,5.166666666666667,11.0,0.007063008516162127,0.0020238389196411146,33.78290921293087,0.9774593640822704,0.9723737616094235,1797445.3143450306,1.0,49.560719714721074,0.9970792222123586,0.9992722008433235,47519.803493491614,1.0,607.67,1,14.204850501775011,7.888888888888889,False
oracle_k1,c1_s2026_k1_p0.0080_noise_10,1,2026,0.008,0.0,10,oracle_k1_paper,ok,0.0,0.0,0.0,0.0,0.0,0.0001299354141287364,0.0001299354141287364,70.55755544650123,0.9999216985345826,0.9999942153078191,377.7383360280412,1.0,70.55755544650123,0.9999216985345826,0.9999942153078191,377.7383360280412,1.0,231.41,1,14.071247279470288,7.777777777777778,False
oracle_k1,c1_s2026_k1_p0.0080_noise_10,1,2026,0.008,0.0,10,sequential_paper_matched,ok,0.00593531756540272,-0.00593531756540272,10.837178804672572,5.944444444444445,12.0,0.007378284672144823,0.002344000419741123,32.7890344589813,0.9739334887942879,0.9652522868703675,2259660.3316332903,1.0,49.21254333616517,0.9969280759186065,0.9992114386965149,51486.370064903254,1.0,641.53,1,14.071247279470288,7.777777777777778,False
oracle_k1,c1_s2027_k1_m0.0080_noise_10,1,2027,-0.008,0.0,10,oracle_k1_paper,ok,0.0,0.0,0.0,0.0,0.0,0.00014220624365430097,0.00014220624365430097,70.11117585148749,0.9999125569355585,0.9999935899061183,418.6287225141959,1.0,70.11117585148749,0.9999125569355585,0.9999935899061183,418.6287225141959,1.0,238.88,1,14.247806848775006,7.833333333333333,False
oracle_k1,c1_s2027_k1_m0.0080_noise_10,1,2027,-0.008,0.0,10,sequential_paper_matched,ok,0.005679854765071393,0.005679854765071393,10.23067283548187,5.666666666666667,11.0,0.007401985903797317,0.0021326329836589483,30.995946681521353,0.9680458837105135,0.9479007398723731,3414695.163076675,0.9916714350846572,49.20792579593354,0.9969088876938884,0.9992106584246335,51541.14092338292,1.0,704.3,1,14.247806848775006,7.833333333333333,False
oracle_k1,c1_s2027_k1_p0.0080_noise_10,1,2027,0.008,0.0,10,oracle_k1_paper,ok,0.0,0.0,0.0,0.0,0.0,0.0001299354141287364,0.0001299354141287364,70.55755544650123,0.9999216985345826,0.9999942153078191,377.7383360280412,1.0,70.55755544650123,0.9999216985345826,0.9999942153078191,377.7383360280412,1.0,249.74,1,13.824294235551815,7.666666666666667,False
oracle_k1,c1_s2027_k1_p0.0080_noise_10,1,2027,0.008,0.0,10,sequential_paper_matched,ok,0.005743928635086328,-0.005743928635086328,9.814954576223638,5.388888888888889,11.0,0.007157806128537417,0.0020085069876417277,33.55622606565672,0.9764745358729372,0.9708929625656295,1893755.9090310128,1.0,49.45471794223132,0.9970337086678686,0.999254215820323,48693.92845451735,1.0,722.05,1,13.824294235551815,7.666666666666667,False
oracle_k1,c2_s2026_k1_m0.0080_noise_00,2,2026,-0.008,0.0,0,oracle_k1_paper,ok,0.0,0.0,0.0,0.0,0.0,0.00012915573854504388,0.00012915573854504388,70.73893882331396,0.9999228261787214,0.9999948712595461,362.28697892860555,1.0,70.73893882331396,0.9999228261787214,0.9999948712595461,362.28697892860555,1.0,258.78,1,12.905640455070625,7.055555555555555,False
oracle_k1,c2_s2026_k1_m0.0080_noise_00,2,2026,-0.008,0.0,0,sequential_paper_matched,ok,0.005570034875777809,0.005570034875777809,9.38083151964686,5.111111111111111,11.0,0.005328336071346128,0.0016381583936643628,35.31007009700241,0.9744787117802193,0.9821388031926056,1264560.4587353577,0.992178163447169,50.6605644681925,0.9972113741110168,0.9994779851123942,36888.429065575845,1.0,734.39,1,12.905640455070625,7.055555555555555,False
oracle_k1,c2_s2026_k1_m0.0080_noise_10,2,2026,-0.008,0.0,10,oracle_k1_paper,ok,0.0,0.0,0.0,0.0,0.0,0.00012915573854504388,0.00012915573854504388,70.73893882331396,0.9999228261787214,0.9999948712595461,362.28697892860555,1.0,70.73893882331396,0.9999228261787214,0.9999948712595461,362.28697892860555,1.0,269.04,1,12.905640455070625,7.055555555555555,False
oracle_k1,c2_s2026_k1_m0.0080_noise_10,2,2026,-0.008,0.0,10,sequential_paper_matched,ok,0.005570034875777809,0.005570034875777809,9.38083151964686,5.111111111111111,11.0,0.005328336071346128,0.0016381583936643628,35.31007009700241,0.9744787117802193,0.9821388031926056,1264560.4587353577,0.992178163447169,50.6605644681925,0.9972113741110168,0.9994779851123942,36888.429065575845,1.0,796.28,1,12.905640455070625,7.055555555555555,False
oracle_k1,c2_s2026_k1_p0.0080_noise_00,2,2026,0.008,0.0,0,oracle_k1_paper,ok,0.0,0.0,0.0,0.0,0.0,0.00011711716326259128,0.00011711716326259128,71.15732668551723,0.9999304716371836,0.9999953432452382,329.01366727418423,1.0,71.15732668551723,0.9999304716371836,0.9999953432452382,329.01366727418423,1.0,253.51,1,12.797569213634977,7.0,False
oracle_k1,c2_s2026_k1_p0.0080_noise_00,2,2026,0.008,0.0,0,sequential_paper_matched,ok,0.0057005491553196825,-0.0057005491553196825,9.128709291752768,5.0,10.0,0.005255206660884447,0.001386166023370005,36.84705247975409,0.9794916038304977,0.987462463420048,887649.1868306375,1.0,50.73920579333242,0.997261319783293,0.9994883052695048,36226.47090650084,1.0,358.51,1,12.797569213634977,7.0,False
oracle_k1,c2_s2026_k1_p0.0080_noise_10,2,2026,0.008,0.0,10,oracle_k1_paper,ok,0.0,0.0,0.0,0.0,0.0,0.00011711716326259128,0.00011711716326259128,71.15732668551723,0.9999304716371836,0.9999953432452382,329.01366727418423,1.0,71.15732668551723,0.9999304716371836,0.9999953432452382,329.01366727418423,1.0,269.2,1,13.05543735171076,7.222222222222222,False
oracle_k1,c2_s2026_k1_p0.0080_noise_10,2,2026,0.008,0.0,10,sequential_paper_matched,ok,0.005621981972358003,-0.005621981972358003,9.16515138991168,5.0,11.0,0.005189538151886516,0.001481384341998797,36.6447427559952,0.9792216578968035,0.9868632517668611,929977.2657975643,1.0,50.83995484506322,0.9973052909649488,0.9995000285194169,35395.75032623067,1.0,395.61,1,13.05543735171076,7.222222222222222,False
oracle_k1,c2_s2027_k1_m0.0080_noise_10,2,2027,-0.008,0.0,10,oracle_k1_paper,ok,0.0,0.0,0.0,0.0,0.0,0.00012915573854504388,0.00012915573854504388,70.73893882331396,0.9999228261787214,0.9999948712595461,362.28697892860555,1.0,70.73893882331396,0.9999228261787214,0.9999948712595461,362.28697892860555,1.0,288.01,1,12.905640455070625,7.055555555555555,False
oracle_k1,c2_s2027_k1_m0.0080_noise_10,2,2027,-0.008,0.0,10,sequential_paper_matched,ok,0.005570034875777809,0.005570034875777809,9.38083151964686,5.111111111111111,11.0,0.005328336071346128,0.0016381583936643628,35.31007009700241,0.9744787117802193,0.9821388031926056,1264560.4587353577,0.992178163447169,50.6605644681925,0.9972113741110168,0.9994779851123942,36888.429065575845,1.0,466.1,1,12.905640455070625,7.055555555555555,False
oracle_k1,c2_s2027_k1_p0.0080_noise_10,2,2027,0.008,0.0,10,oracle_k1_paper,ok,0.0,0.0,0.0,0.0,0.0,0.00011711716326259128,0.00011711716326259128,71.15732668551723,0.9999304716371836,0.9999953432452382,329.01366727418423,1.0,71.15732668551723,0.9999304716371836,0.9999953432452382,329.01366727418423,1.0,287.14,1,13.05543735171076,7.222222222222222,False
oracle_k1,c2_s2027_k1_p0.0080_noise_10,2,2027,0.008,0.0,10,sequential_paper_matched,ok,0.005621981972358003,-0.005621981972358003,9.16515138991168,5.0,11.0,0.005189538151886516,0.001481384341998797,36.6447427559952,0.9792216578968035,0.9868632517668611,929977.2657975643,1.0,50.83995484506322,0.9973052909649488,0.9995000285194169,35395.75032623067,1.0,495.37,1,13.05543735171076,7.222222222222222,False
oracle_k1,c3_s2026_k1_m0.0080_noise_00,3,2026,-0.008,0.0,0,oracle_k1_paper,ok,0.0,0.0,0.0,0.0,0.0,0.00011840179395862905,0.00011840179395862905,70.82369705440824,0.9999372508482451,0.9999949387859801,355.2850245128586,1.0,70.82369705440824,0.9999372508482451,0.9999949387859801,355.2850245128586,1.0,299.14,1,13.824294235551815,7.666666666666667,False
oracle_k1,c3_s2026_k1_m0.0080_noise_00,3,2026,-0.008,0.0,0,sequential_paper_matched,ok,0.0054534904863912555,0.0054534904863912555,9.809292646374775,5.333333333333333,11.0,0.005471077837063689,0.0018061780391471825,34.10815534421939,0.966187273284824,0.9763068804828381,1667750.475347266,0.9918003838528511,45.97700331615329,0.9941826585837581,0.9984626357415108,108454.17521243986,1.0,544.58,1,13.824294235551815,7.666666666666667,False
oracle_k1,c3_s2026_k1_m0.0080_noise_10,3,2026,-0.008,0.0,10,oracle_k1_paper,ok,0.0,0.0,0.0,0.0,0.0,0.00011840179395862905,0.00011840179395862905,70.82369705440824,0.9999372508482451,0.9999949387859801,355.2850245128586,1.0,70.82369705440824,0.9999372508482451,0.9999949387859801,355.2850245128586,1.0,319.05,1,13.824294235551815,7.666666666666667,False
oracle_k1,c3_s2026_k1_m0.0080_noise_10,3,2026,-0.008,0.0,10,sequential_paper_matched,ok,0.0054534904863912555,0.0054534904863912555,9.809292646374775,5.333333333333333,11.0,0.005471077837063689,0.0018061780391471825,34.10815534421939,0.966187273284824,0.9763068804828381,1667750.475347266,0.9918003838528511,45.97700331615329,0.9941826585837581,0.9984626357415108,108454.17521243986,1.0,590.81,1,13.824294235551815,7.666666666666667,False
oracle_k1,c3_s2026_k1_p0.0080_noise_00,3,2026,0.008,0.0,0,oracle_k1_paper,ok,0.0,0.0,0.0,0.0,0.0,0.00010803785091558323,0.00010803785091558323,71.24984424361185,0.9999437709236922,0.9999954185777474,322.0788324192746,1.0,71.24984424361185,0.9999437709236922,0.9999954185777474,322.0788324192746,1.0,291.6,1,13.820274961085254,7.611111111111111,False
oracle_k1,c3_s2026_k1_p0.0080_noise_00,3,2026,0.008,0.0,0,sequential_paper_matched,ok,0.005586500546193799,-0.005586500546193799,9.195409482755814,5.055555555555555,10.0,0.005404830903103534,0.001502344789210065,35.69702256800873,0.9731697315917714,0.9834974445067801,1156762.898298444,1.0,46.08633057652328,0.9943365434189153,0.9984932584321868,105758.07808243683,1.0,573.65,1,13.820274961085254,7.611111111111111,False
oracle_k1,c3_s2026_k1_p0.0080_noise_10,3,2026,0.008,0.0,10,oracle_k1_paper,ok,0.0,0.0,0.0,0.0,0.0,0.00010803785091558323,0.00010803785091558323,71.24984424361185,0.9999437709236922,0.9999954185777474,322.0788324192746,1.0,71.24984424361185,0.9999437709236922,0.9999954185777474,322.0788324192746,1.0,306.85,1,13.820274961085254,7.611111111111111,False
oracle_k1,c3_s2026_k1_p0.0080_noise_10,3,2026,0.008,0.0,10,sequential_paper_matched,ok,0.005586500546193799,-0.005586500546193799,9.195409482755814,5.055555555555555,10.0,0.005404830903103534,0.001502344789210065,35.69702256800873,0.9731697315917714,0.9834974445067801,1156762.898298444,1.0,46.08633057652328,0.9943365434189153,0.9984932584321868,105758.07808243683,1.0,620.4,1,13.820274961085254,7.611111111111111,False
oracle_k1,c3_s2027_k1_m0.0080_noise_10,3,2027,-0.008,0.0,10,oracle_k1_paper,ok,0.0,0.0,0.0,0.0,0.0,0.00011840179395862905,0.00011840179395862905,70.82369705440824,0.9999372508482451,0.9999949387859801,355.2850245128586,1.0,70.82369705440824,0.9999372508482451,0.9999949387859801,355.2850245128586,1.0,330.17,1,13.824294235551815,7.666666666666667,False
oracle_k1,c3_s2027_k1_m0.0080_noise_10,3,2027,-0.008,0.0,10,sequential_paper_matched,ok,0.0054534904863912555,0.0054534904863912555,9.809292646374775,5.333333333333333,11.0,0.005471077837063689,0.0018061780391471825,34.10815534421939,0.966187273284824,0.9763068804828381,1667750.475347266,0.9918003838528511,45.97700331615329,0.9941826585837581,0.9984626357415108,108454.17521243986,1.0,696.19,1,13.824294235551815,7.666666666666667,False
oracle_k1,c3_s2027_k1_p0.0080_noise_10,3,2027,0.008,0.0,10,oracle_k1_paper,ok,0.0,0.0,0.0,0.0,0.0,0.00010803785091558323,0.00010803785091558323,71.24984424361185,0.9999437709236922,0.9999954185777474,322.0788324192746,1.0,71.24984424361185,0.9999437709236922,0.9999954185777474,322.0788324192746,1.0,322.19,1,13.820274961085254,7.611111111111111,False
oracle_k1,c3_s2027_k1_p0.0080_noise_10,3,2027,0.008,0.0,10,sequential_paper_matched,ok,0.005586500546193799,-0.005586500546193799,9.195409482755814,5.055555555555555,10.0,0.005404830903103534,0.001502344789210065,35.69702256800873,0.9731697315917714,0.9834974445067801,1156762.898298444,1.0,46.08633057652328,0.9943365434189153,0.9984932584321868,105758.07808243683,1.0,720.33,1,13.820274961085254,7.611111111111111,False
joint_oracle,c0_s2026_k1_m0.0080_noise_00,0,2026,-0.008,0.0,0,dcs_paper_joint_oracle,ok,0.0,0.0,1.8257418583505538,1.0,2.0,0.00010235709225573896,0.0012268458671705151,45.81291125318639,0.9964383524815071,0.997655022683122,112630.36258368996,0.9983619476790373,73.01802968735605,0.9999549621568892,0.9999955376380132,214.35994591491453,1.0,1003.08,25,12.978614889287858,7.222222222222222,False
joint_oracle,c0_s2026_k1_m0.0080_noise_00,0,2026,-0.008,0.0,0,dcs_paper_style,ok,0.002597055028602099,0.002597055028602099,5.5677643628300215,3.1666666666666665,6.0,0.0021274187366256488,0.0011079303571138524,38.59295109173856,0.9873174043252968,0.9876330349524155,593815.457377481,0.9952032785224313,57.689346402680584,0.9992781803329702,0.9998477180710463,7311.592307664493,1.0,898.45,25,12.978614889287858,7.222222222222222,False
joint_oracle,c0_s2026_k1_m0.0080_noise_10,0,2026,-0.008,0.0,10,dcs_paper_joint_oracle,ok,0.0,0.0,1.8257418583505538,1.0,2.0,0.00010235709225573896,0.0012268458671705151,45.81291125318639,0.9964383524815071,0.997655022683122,112630.36258368996,0.9983619476790373,73.01802968735605,0.9999549621568892,0.9999955376380132,214.35994591491453,1.0,1097.04,25,12.978614889287858,7.222222222222222,False
joint_oracle,c0_s2026_k1_m0.0080_noise_10,0,2026,-0.008,0.0,10,dcs_paper_style,ok,0.002597055028602099,0.002597055028602099,5.5677643628300215,3.1666666666666665,6.0,0.0021274187366256488,0.0011079303571138524,38.59295109173856,0.9873174043252968,0.9876330349524155,593815.457377481,0.9952032785224313,57.689346402680584,0.9992781803329702,0.9998477180710463,7311.592307664493,1.0,1233.34,25,12.978614889287858,7.222222222222222,False
joint_oracle,c0_s2026_k1_p0.0080_noise_00,0,2026,0.008,0.0,0,dcs_paper_joint_oracle,ok,0.0,0.0,1.855921454276674,1.0555555555555556,2.0,9.242452530747908e-05,0.0012356756831950158,48.787229082327514,0.9969425512924592,0.9988174641357339,56783.701537023466,1.0,73.44759623123662,0.9999596321910325,0.9999959562303962,194.17217010882644,1.0,1128.79,25,12.556538801224908,6.944444444444445,False
joint_oracle,c0_s2026_k1_p0.0080_noise_00,0,2026,0.008,0.0,0,dcs_paper_style,ok,0.003390130054998627,-0.003390130054998627,7.086763875156433,3.888888888888889,8.0,0.0025417164209293416,0.0011818800926700146,38.034800296052836,0.9867607579911944,0.9859448831613833,675253.0864281068,1.0,55.9907416358049,0.9990035034971713,0.9997749635169664,10811.163714223194,1.0,522.81,25,12.556538801224908,6.944444444444445,False
joint_oracle,c0_s2026_k1_p0.0080_noise_10,0,2026,0.008,0.0,10,dcs_paper_joint_oracle,ok,0.0,0.0,1.855921454276674,1.0555555555555556,2.0,9.242452530747908e-05,0.0012356756831950158,48.787229082327514,0.9969425512924592,0.9988174641357339,56783.701537023466,1.0,73.44759623123662,0.9999596321910325,0.9999959562303962,194.17217010882644,1.0,1227.22,25,12.556538801224908,6.944444444444445,False
joint_oracle,c0_s2026_k1_p0.0080_noise_10,0,2026,0.008,0.0,10,dcs_paper_style,ok,0.003390130054998627,-0.003390130054998627,7.086763875156433,3.888888888888889,8.0,0.0025417164209293416,0.0011818800926700146,38.034800296052836,0.9867607579911944,0.9859448831613833,675253.0864281068,1.0,55.9907416358049,0.9990035034971713,0.9997749635169664,10811.163714223194,1.0,544.36,25,12.556538801224908,6.944444444444445,False
joint_oracle,c0_s2027_k1_m0.0080_noise_10,0,2027,-0.008,0.0,10,dcs_paper_joint_oracle,ok,0.0,0.0,1.8257418583505538,1.0,2.0,0.00010235709225573896,0.0012268458671705151,45.81291125318639,0.9964383524815071,0.997655022683122,112630.36258368996,0.9983619476790373,73.01802968735605,0.9999549621568892,0.9999955376380132,214.35994591491453,1.0,1299.55,25,12.978614889287858,7.222222222222222,False
joint_oracle,c0_s2027_k1_m0.0080_noise_10,0,2027,-0.008,0.0,10,dcs_paper_style,ok,0.002597055028602099,0.002597055028602099,5.5677643628300215,3.1666666666666665,6.0,0.0021274187366256488,0.0011079303571138524,38.59295109173856,0.9873174043252968,0.9876330349524155,593815.457377481,0.9952032785224313,57.689346402680584,0.9992781803329702,0.9998477180710463,7311.592307664493,1.0,614.15,25,12.978614889287858,7.222222222222222,False
joint_oracle,c0_s2027_k1_p0.0080_noise_10,0,2027,0.008,0.0,10,dcs_paper_joint_oracle,ok,0.0,0.0,1.855921454276674,1.0555555555555556,2.0,9.242452530747908e-05,0.0012356756831950158,48.787229082327514,0.9969425512924592,0.9988174641357339,56783.701537023466,1.0,73.44759623123662,0.9999596321910325,0.9999959562303962,194.17217010882644,1.0,1340.5,25,12.556538801224908,6.944444444444445,False
joint_oracle,c0_s2027_k1_p0.0080_noise_10,0,2027,0.008,0.0,10,dcs_paper_style,ok,0.003390130054998627,-0.003390130054998627,7.086763875156433,3.888888888888889,8.0,0.0025417164209293416,0.0011818800926700146,38.034800296052836,0.9867607579911944,0.9859448831613833,675253.0864281068,1.0,55.9907416358049,0.9990035034971713,0.9997749635169664,10811.163714223194,1.0,609.52,25,12.556538801224908,6.944444444444445,False
joint_oracle,c1_s2026_k1_m0.0080_noise_00,1,2026,-0.008,0.0,0,dcs_paper_joint_oracle,ok,0.0,0.0,1.8257418583505538,1.0,2.0,0.00014220624365430097,0.00181008212959969,41.1439847413937,0.9944510687454172,0.994950375965336,330025.9830692318,0.9984831249812909,70.11117585148749,0.9999125569355585,0.9999935899061183,418.6287225141959,1.0,1304.94,25,14.247806848775006,7.833333333333333,False
joint_oracle,c1_s2026_k1_m0.0080_noise_00,1,2026,-0.008,0.0,0,dcs_paper_style,ok,0.0025289784637208155,0.0025289784637208155,5.773502691896258,3.2222222222222223,7.0,0.003618775086296616,0.001781680900448858,34.66293391022587,0.9827564864046748,0.977573383201775,1467753.8103844444,0.9953322272906252,55.354974968929255,0.9988960839602706,0.9998083360271848,12515.526111495927,1.0,610.95,25,14.247806848775006,7.833333333333333,False
joint_oracle,c1_s2026_k1_m0.0080_noise_10,1,2026,-0.008,0.0,10,dcs_paper_joint_oracle,ok,0.0,0.0,1.8257418583505538,1.0,2.0,0.00014220624365430097,0.00181008212959969,41.1439847413937,0.9944510687454172,0.994950375965336,330025.9830692318,0.9984831249812909,70.11117585148749,0.9999125569355585,0.9999935899061183,418.6287225141959,1.0,1402.99,25,14.487542541400487,7.944444444444445,False
joint_oracle,c1_s2026_k1_m0.0080_noise_10,1,2026,-0.008,0.0,10,dcs_paper_style,ok,0.0027320694186969323,0.0027320694186969323,5.32290647422377,2.9444444444444446,6.0,0.0038655736850761457,0.0016595163729201806,35.08949109927379,0.9839153869520676,0.9796699096953154,1330446.7519460975,0.9955817776969289,54.770956905531776,0.9987692321212274,0.9997807483046507,14316.963474191034,1.0,626.84,25,14.487542541400487,7.944444444444445,False
joint_oracle,c1_s2026_k1_p0.0080_noise_00,1,2026,0.008,0.0,0,dcs_paper_joint_oracle,ok,0.0,0.0,1.855921454276674,1.0555555555555556,2.0,0.0001299354141287364,0.0017342239305646835,46.896075401233645,0.9953724314980338,0.9986558553924264,87768.57907142684,0.9998749369647763,70.55755544650123,0.9999216985345826,0.9999942153078191,377.7383360280412,1.0,1302.26,25,14.204850501775011,7.888888888888889,False
joint_oracle,c1_s2026_k1_p0.0080_noise_00,1,2026,0.008,0.0,0,dcs_paper_style,ok,0.003451685610125049,-0.003451685610125049,7.593857166596345,4.277777777777778,9.0,0.004513825899136468,0.002248910857032204,35.58568240397912,0.9821910062081693,0.9817802578796772,1186802.2667500556,0.9997495860974807,53.32404208764408,0.998396303917012,0.9996940531065766,19977.55793361614,1.0,631.38,25,14.204850501775011,7.888888888888889,False
joint_oracle,c1_s2026_k1_p0.0080_noise_10,1,2026,0.008,0.0,10,dcs_paper_joint_oracle,ok,0.0,0.0,1.7638342073763937,1.0,2.0,0.0001299354141287364,0.001757053109118332,47.32368424999621,0.9956356074414219,0.9987820275355342,79538.64396478348,0.9998749369647763,70.55755544650123,0.9999216985345826,0.9999942153078191,377.7383360280412,1.0,1421.02,25,14.071247279470288,7.777777777777778,False
joint_oracle,c1_s2026_k1_p0.0080_noise_10,1,2026,0.008,0.0,10,dcs_paper_style,ok,0.0035282015752797855,-0.0035282015752797855,7.187952884282608,3.9444444444444446,8.0,0.004595505486191284,0.00207581659738513,36.08662113275954,0.9831810756875967,0.9837660561388251,1057510.0278157427,1.0,53.157700681124695,0.9983491837835677,0.9996821072780577,20757.57135094415,1.0,675.74,25,14.071247279470288,7.777777777777778,False
joint_oracle,c1_s2027_k1_m0.0080_noise_10,1,2027,-0.008,0.0,10,dcs_paper_joint_oracle,ok,0.0,0.0,1.8257418583505538,1.0,2.0,0.00014220624365430097,0.00181008212959969,41.1439847413937,0.9944510687454172,0.994950375965336,330025.9830692318,0.9984831249812909,70.11117585148749,0.9999125569355585,0.9999935899061183,418.6287225141959,1.0,1638.22,25,14.247806848775006,7.833333333333333,False
joint_oracle,c1_s2027_k1_m0.0080_noise_10,1,2027,-0.008,0.0,10,dcs_paper_style,ok,0.0025289784637208155,0.0025289784637208155,5.773502691896258,3.2222222222222223,7.0,0.003618775086296616,0.001781680900448858,34.66293391022587,0.9827564864046748,0.977573383201775,1467753.8103844444,0.9953322272906252,55.354974968929255,0.9988960839602706,0.9998083360271848,12515.526111495927,1.0,708.26,25,14.247806848775006,7.833333333333333,False
joint_oracle,c1_s2027_k1_p0.0080_noise_10,1,2027,0.008,0.0,10,dcs_paper_joint_oracle,ok,0.0,0.0,1.855921454276674,1.0555555555555556,2.0,0.0001299354141287364,0.0017342239305646835,46.896075401233645,0.9953724314980338,0.9986558553924264,87768.57907142684,0.9998749369647763,70.55755544650123,0.9999216985345826,0.9999942153078191,377.7383360280412,1.0,1594.74,25,13.824294235551815,7.666666666666667,False
joint_oracle,c1_s2027_k1_p0.0080_noise_10,1,2027,0.008,0.0,10,dcs_paper_style,ok,0.0035339654651101874,-0.0035339654651101874,7.31057073315377,4.055555555555555,8.0,0.004601681429455949,0.002033101388012416,35.93115454892127,0.9828773357857995,0.9831743054832524,1096051.9842673568,0.9998753687128841,53.1452885727856,0.9983456365849668,0.9996811974205742,20816.981212319184,1.0,736.36,25,13.824294235551815,7.666666666666667,False
joint_oracle,c2_s2026_k1_m0.0080_noise_00,2,2026,-0.008,0.0,0,dcs_paper_joint_oracle,ok,0.0,0.0,1.8257418583505538,1.0,2.0,0.00012915573854504388,0.001486538345222318,45.736810077066394,0.995309167896421,0.9983791223831419,114621.37126987624,0.9984831249812909,70.73893882331396,0.9999228261787214,0.9999948712595461,362.28697892860555,1.0,1553.65,25,12.905640455070625,7.055555555555555,False
joint_oracle,c2_s2026_k1_m0.0080_noise_00,2,2026,-0.008,0.0,0,dcs_paper_style,ok,0.0027391599381706338,0.0027391599381706338,5.686240703077327,3.1666666666666665,7.0,0.0029703202024349597,0.0013415575741578028,38.85444242593769,0.984696799489945,0.9921000618477507,559116.5722137067,0.9953280537255832,56.02233835078099,0.9989209654609325,0.999848174931233,10732.793472321204,1.0,760.44,25,12.905640455070625,7.055555555555555,False
joint_oracle,c2_s2026_k1_m0.0080_noise_10,2,2026,-0.008,0.0,10,dcs_paper_joint_oracle,ok,0.0,0.0,1.8257418583505538,1.0,2.0,0.00012915573854504388,0.001486538345222318,45.736810077066394,0.995309167896421,0.9983791223831419,114621.37126987624,0.9984831249812909,70.73893882331396,0.9999228261787214,0.9999948712595461,362.28697892860555,1.0,1638.19,25,12.905640455070625,7.055555555555555,False
joint_oracle,c2_s2026_k1_m0.0080_noise_10,2,2026,-0.008,0.0,10,dcs_paper_style,ok,0.0027391599381706338,0.0027391599381706338,5.686240703077327,3.1666666666666665,7.0,0.0029703202024349597,0.0013415575741578028,38.85444242593769,0.984696799489945,0.9921000618477507,559116.5722137067,0.9953280537255832,56.02233835078099,0.9989209654609325,0.999848174931233,10732.793472321204,1.0,804.25,25,12.905640455070625,7.055555555555555,False
joint_oracle,c2_s2026_k1_p0.0080_noise_00,2,2026,0.008,0.0,0,dcs_paper_joint_oracle,ok,0.0,0.0,1.8257418583505538,1.0,2.0,0.00011711716326259128,0.0014931961678964713,48.79129656457116,0.9956806904373423,0.9991973399673009,56730.544386152054,1.0,71.15732668551723,0.9999304716371836,0.9999953432452382,329.01366727418423,1.0,1623.2,25,12.797569213634977,7.0,False
joint_oracle,c2_s2026_k1_p0.0080_noise_00,2,2026,0.008,0.0,0,dcs_paper_style,ok,0.0027162794930888105,-0.0027162794930888105,4.760952285695233,2.5555555555555554,6.0,0.0028498917104629942,0.00099601434521406,41.52841884323421,0.988446286051783,0.9957284609047397,302068.00215341867,1.0,56.355449466009176,0.9989873882479554,0.999859533539309,9940.349650773347,1.0,781.15,25,12.797569213634977,7.0,False
joint_oracle,c2_s2026_k1_p0.0080_noise_10,2,2026,0.008,0.0,10,dcs_paper_joint_oracle,ok,0.0,0.0,1.855921454276674,1.0555555555555556,2.0,0.00011711716326259128,0.0014380440018364094,48.62157530967543,0.9955777243948045,0.9991653079310724,58991.45073033211,0.9998749369647763,71.15732668551723,0.9999304716371836,0.9999953432452382,329.01366727418423,1.0,1719.26,25,13.05543735171076,7.222222222222222,False
joint_oracle,c2_s2026_k1_p0.0080_noise_10,2,2026,0.008,0.0,10,dcs_paper_style,ok,0.0030328578117666347,-0.0030328578117666347,5.811865258054231,3.2222222222222223,7.0,0.003110203194068209,0.0012929612568017073,40.41775699830594,0.9865056138667647,0.9944862162094945,390095.4705584379,0.9998752247968481,55.51990311838835,0.998811407435569,0.999829728544824,12049.146802254041,1.0,807.87,25,13.05543735171076,7.222222222222222,False
joint_oracle,c2_s2027_k1_m0.0080_noise_10,2,2027,-0.008,0.0,10,dcs_paper_joint_oracle,ok,0.0,0.0,1.8257418583505538,1.0,2.0,0.00012915573854504388,0.001486538345222318,45.736810077066394,0.995309167896421,0.9983791223831419,114621.37126987624,0.9984831249812909,70.73893882331396,0.9999228261787214,0.9999948712595461,362.28697892860555,1.0,1770.8,25,12.905640455070625,7.055555555555555,False
joint_oracle,c2_s2027_k1_m0.0080_noise_10,2,2027,-0.008,0.0,10,dcs_paper_style,ok,0.0027391599381706338,0.0027391599381706338,5.686240703077327,3.1666666666666665,7.0,0.0029703202024349597,0.0013415575741578028,38.85444242593769,0.984696799489945,0.9921000618477507,559116.5722137067,0.9953280537255832,56.02233835078099,0.9989209654609325,0.999848174931233,10732.793472321204,1.0,855.2,25,12.905640455070625,7.055555555555555,False
joint_oracle,c2_s2027_k1_p0.0080_noise_10,2,2027,0.008,0.0,10,dcs_paper_joint_oracle,ok,0.0,0.0,1.855921454276674,1.0555555555555556,2.0,0.00011711716326259128,0.0014380440018364094,48.62157530967543,0.9955777243948045,0.9991653079310724,58991.45073033211,0.9998749369647763,71.15732668551723,0.9999304716371836,0.9999953432452382,329.01366727418423,1.0,1787.97,25,13.05543735171076,7.222222222222222,False
joint_oracle,c2_s2027_k1_p0.0080_noise_10,2,2027,0.008,0.0,10,dcs_paper_style,ok,0.0030328578117666347,-0.0030328578117666347,5.811865258054231,3.2222222222222223,7.0,0.003110203194068209,0.0012929612568017073,40.41775699830594,0.9865056138667647,0.9944862162094945,390095.4705584379,0.9998752247968481,55.51990311838835,0.998811407435569,0.999829728544824,12049.146802254041,1.0,1563.65,25,13.05543735171076,7.222222222222222,False
joint_oracle,c3_s2026_k1_m0.0080_noise_00,3,2026,-0.008,0.0,0,dcs_paper_joint_oracle,ok,0.0,0.0,1.855921454276674,1.0555555555555556,2.0,0.00011840179395862905,0.001435973087357759,44.73212147351032,0.9932860626593558,0.9979424572868302,144455.62584806222,0.9984831249812909,70.82369705440824,0.9999372508482451,0.9999949387859801,355.2850245128586,1.0,1908.76,25,13.824294235551815,7.666666666666667,False
joint_oracle,c3_s2026_k1_m0.0080_noise_00,3,2026,-0.008,0.0,0,dcs_paper_style,ok,0.002730376224697271,0.002730376224697271,5.811865258054231,3.2222222222222223,7.0,0.003160577201672847,0.0013837137038210739,37.606250509868346,0.9787765581090275,0.9893981487087381,745283.586062655,0.9952032785224313,51.4061023650363,0.9979202341835114,0.9995588198288252,31069.650720925794,1.0,2308.74,25,13.824294235551815,7.666666666666667,False
joint_oracle,c3_s2026_k1_m0.0080_noise_10,3,2026,-0.008,0.0,10,dcs_paper_joint_oracle,ok,0.0,0.0,1.855921454276674,1.0555555555555556,2.0,0.00011840179395862905,0.001435973087357759,44.73212147351032,0.9932860626593558,0.9979424572868302,144455.62584806222,0.9984831249812909,70.82369705440824,0.9999372508482451,0.9999949387859801,355.2850245128586,1.0,2004.36,25,13.824294235551815,7.666666666666667,False
joint_oracle,c3_s2026_k1_m0.0080_noise_10,3,2026,-0.008,0.0,10,dcs_paper_style,ok,0.002730376224697271,0.002730376224697271,5.811865258054231,3.2222222222222223,7.0,0.003160577201672847,0.0013837137038210739,37.606250509868346,0.9787765581090275,0.9893981487087381,745283.586062655,0.9952032785224313,51.4061023650363,0.9979202341835114,0.9995588198288252,31069.650720925794,1.0,2107.2,25,13.824294235551815,7.666666666666667,False
joint_oracle,c3_s2026_k1_p0.0080_noise_00,3,2026,0.008,0.0,0,dcs_paper_joint_oracle,ok,0.0,0.0,1.8257418583505538,1.0,2.0,0.00010803785091558323,0.001506290032225601,47.76851237578714,0.9939994944413993,0.9989776025414331,71795.19343608675,1.0,71.24984424361185,0.9999437709236922,0.9999954185777474,322.0788324192746,1.0,1912.8,25,13.820274961085254,7.611111111111111,False
joint_oracle,c3_s2026_k1_p0.0080_noise_00,3,2026,0.008,0.0,0,dcs_paper_style,ok,0.0020332130482965697,-0.0020332130482965697,3.7564758898615485,2.0555555555555554,5.0,0.0023708450365454974,0.0011097980861805416,42.240487114223825,0.986775908024372,0.9963463830736885,256388.11897535893,1.0,54.129657858395,0.9988116625655294,0.9997637890934167,16595.13622214973,1.0,2249.76,25,13.820274961085254,7.611111111111111,False
joint_oracle,c3_s2026_k1_p0.0080_noise_10,3,2026,0.008,0.0,10,dcs_paper_joint_oracle,ok,0.0,0.0,1.8257418583505538,1.0,2.0,0.00010803785091558323,0.001506290032225601,47.76851237578714,0.9939994944413993,0.9989776025414331,71795.19343608675,1.0,71.24984424361185,0.9999437709236922,0.9999954185777474,322.0788324192746,1.0,1986.87,25,13.820274961085254,7.611111111111111,False
joint_oracle,c3_s2026_k1_p0.0080_noise_10,3,2026,0.008,0.0,10,dcs_paper_style,ok,0.0020332130482965697,-0.0020332130482965697,3.7564758898615485,2.0555555555555554,5.0,0.0023708450365454974,0.0011097980861805416,42.240487114223825,0.986775908024372,0.9963463830736885,256388.11897535893,1.0,54.129657858395,0.9988116625655294,0.9997637890934167,16595.13622214973,1.0,1221.39,25,13.820274961085254,7.611111111111111,False
joint_oracle,c3_s2027_k1_m0.0080_noise_10,3,2027,-0.008,0.0,10,dcs_paper_joint_oracle,ok,0.0,0.0,1.855921454276674,1.0555555555555556,2.0,0.00011840179395862905,0.001435973087357759,44.73212147351032,0.9932860626593558,0.9979424572868302,144455.62584806222,0.9984831249812909,70.82369705440824,0.9999372508482451,0.9999949387859801,355.2850245128586,1.0,2097.56,25,13.824294235551815,7.666666666666667,False
joint_oracle,c3_s2027_k1_m0.0080_noise_10,3,2027,-0.008,0.0,10,dcs_paper_style,ok,0.002730376224697271,0.002730376224697271,5.811865258054231,3.2222222222222223,7.0,0.003160577201672847,0.0013837137038210739,37.606250509868346,0.9787765581090275,0.9893981487087381,745283.586062655,0.9952032785224313,51.4061023650363,0.9979202341835114,0.9995588198288252,31069.650720925794,1.0,2241.61,25,13.824294235551815,7.666666666666667,False
joint_oracle,c3_s2027_k1_p0.0080_noise_10,3,2027,0.008,0.0,10,dcs_paper_joint_oracle,ok,0.0,0.0,1.8257418583505538,1.0,2.0,0.00010803785091558323,0.001506290032225601,47.76851237578714,0.9939994944413993,0.9989776025414331,71795.19343608675,1.0,71.24984424361185,0.9999437709236922,0.9999954185777474,322.0788324192746,1.0,2047.48,25,13.820274961085254,7.611111111111111,False
joint_oracle,c3_s2027_k1_p0.0080_noise_10,3,2027,0.008,0.0,10,dcs_paper_style,ok,0.0020332130482965697,-0.0020332130482965697,3.7564758898615485,2.0555555555555554,5.0,0.0023708450365454974,0.0011097980861805416,42.240487114223825,0.986775908024372,0.9963463830736885,256388.11897535893,1.0,54.129657858395,0.9988116625655294,0.9997637890934167,16595.13622214973,1.0,2188.54,25,13.820274961085254,7.611111111111111,False
k1_magnitude,c0_s2026_k1_m0.0020_noise_00,0,2026,-0.002,0.0,0,dcs_paper_style,ok,0.0015894494804091306,0.0015894494804091306,3.6514837167011076,2.0,4.0,0.0013544167370754547,0.0007685001387876811,41.60849697196848,0.9921623649176476,0.9938246403591796,296549.30485385796,0.9969674012908692,62.083992156654276,0.9996781045794461,0.9999446475546365,2657.9535797297,1.0,1124.71,25,3.6514837167011076,2.0,False
k1_magnitude,c0_s2026_k1_m0.0020_noise_00,0,2026,-0.002,0.0,0,sequential_paper_matched,ok,0.0015122140323744523,0.0015122140323744523,3.1622776601683795,1.6666666666666667,4.0,0.001292461785110632,0.0007628595001992805,42.5357268581001,0.9933541954116403,0.9950120223133326,239537.72564868713,0.9973461882974387,62.52498020178409,0.9997033526151055,0.9999499921663313,2401.311978951992,1.0,424.08,1,3.6514837167011076,2.0,False
k1_magnitude,c0_s2026_k1_m0.0020_noise_00,0,2026,-0.002,0.0,0,sequential_paper_no_prestitch,ok,1.2106741134233854e-05,-1.2106741134233854e-05,0.0,0.0,0.0,8.87528886641956e-05,8.87528886641956e-05,74.0324896014733,0.999964707710519,0.999996466495919,169.70617592101945,1.0,74.0324896014733,0.999964707710519,0.999996466495919,169.70617592101945,1.0,29.11,1,0.0,0.0,False
k1_magnitude,c0_s2026_k1_m0.0020_noise_10,0,2026,-0.002,0.0,10,dcs_paper_style,ok,0.0015894494804091306,0.0015894494804091306,3.6514837167011076,2.0,4.0,0.0013544167370754547,0.0007685001387876811,41.60849697196848,0.9921623649176476,0.9938246403591796,296549.30485385796,0.9969674012908692,62.083992156654276,0.9996781045794461,0.9999446475546365,2657.9535797297,1.0,1108.66,25,3.6514837167011076,2.0,False
k1_magnitude,c0_s2026_k1_m0.0020_noise_10,0,2026,-0.002,0.0,10,sequential_paper_matched,ok,0.0015122140323744523,0.0015122140323744523,3.1622776601683795,1.6666666666666667,4.0,0.001292461785110632,0.0007628595001992805,42.5357268581001,0.9933541954116403,0.9950120223133326,239537.72564868713,0.9973461882974387,62.52498020178409,0.9997033526151055,0.9999499921663313,2401.311978951992,1.0,423.78,1,3.6514837167011076,2.0,False
k1_magnitude,c0_s2026_k1_m0.0020_noise_10,0,2026,-0.002,0.0,10,sequential_paper_no_prestitch,ok,0.0011366237776047243,0.0011366237776047243,1.8257418583505538,1.0,2.0,0.0010052240381960426,0.0002655339664448188,46.067840253597794,0.9963675106880027,0.997788331773764,106209.30871908288,0.9984831249812909,64.86928286721108,0.9998120698580026,0.9999708516701975,1399.6463657207257,1.0,27.06,1,7.401201103724839,4.388888888888889,False
k1_magnitude,c0_s2026_k1_m0.0040_noise_00,0,2026,-0.004,0.0,0,dcs_paper_style,ok,0.0025028329270164523,0.0025028329270164523,5.676462121975467,3.111111111111111,7.0,0.0020577634784708057,0.0011288129137588905,38.55514986876343,0.9871237703128857,0.9875250412921641,599006.618036009,0.9953280537255832,58.23312679563874,0.9993387187042672,0.9998656421418396,6451.102286370677,1.0,943.5,25,6.782329983125268,3.6666666666666665,False
k1_magnitude,c0_s2026_k1_m0.0040_noise_00,0,2026,-0.004,0.0,0,sequential_paper_matched,ok,0.0029724919919967277,0.0029724919919967277,5.022173057773121,2.7222222222222223,6.0,0.002305559214856251,0.0007614531470950608,39.36651892887394,0.9886918478530193,0.98965031837877,496929.42612034414,0.9958313281032327,57.0182725599268,0.9991529887934232,0.9998222710375039,8533.345927107823,1.0,372.31,1,6.782329983125268,3.6666666666666665,False
k1_magnitude,c0_s2026_k1_m0.0040_noise_00,0,2026,-0.004,0.0,0,sequential_paper_no_prestitch,ok,1.2239061098147201e-05,1.2239061098147201e-05,0.0,0.0,0.0,8.81652936166984e-05,8.81652936166984e-05,73.44191056077764,0.9999596423097858,0.999995951653446,194.42654173831286,1.0,73.44191056077764,0.9999596423097858,0.999995951653446,194.42654173831286,1.0,21.12,1,0.0,0.0,False
k1_magnitude,c0_s2026_k1_m0.0040_noise_10,0,2026,-0.004,0.0,10,dcs_paper_style,ok,0.0025337024777812656,0.0025337024777812656,5.547772325697746,3.0555555555555554,6.0,0.002075506283464698,0.0009709035904527469,38.72714150724491,0.9874380989960363,0.9880090345308922,575748.0249154967,0.9954528289287351,58.146831688530455,0.9993269265135795,0.9998629455323449,6580.568870218462,1.0,1060.91,25,6.896053621859067,3.7777777777777777,False
k1_magnitude,c0_s2026_k1_m0.0040_noise_10,0,2026,-0.004,0.0,10,sequential_paper_matched,ok,0.0030174817084324557,0.0030174817084324557,5.477225575051661,3.0,6.0,0.0023285655942138403,0.0007119651986090738,38.78480873481852,0.9875662575422947,0.9881670005470384,568153.5623226325,0.9954528289287351,56.90886818902441,0.9991343152545852,0.9998177365209732,8751.042411390177,1.0,408.84,1,6.896053621859067,3.7777777777777777,False
k1_magnitude,c0_s2026_k1_m0.0040_noise_10,0,2026,-0.004,0.0,10,sequential_paper_no_prestitch,ok,0.0009752371843147123,0.0009752371843147123,1.8257418583505538,1.0,2.0,0.0009137009650213473,0.0003024268610624343,46.07411490966424,0.996393299322629,0.9977915389110377,106055.96905708984,0.9984831249812909,65.34718605976579,0.9998426906730553,0.999973889230653,1253.7992379843781,1.0,27.79,1,7.401201103724839,4.388888888888889,False
k1_magnitude,c0_s2026_k1_p0.0020_noise_00,0,2026,0.002,0.0,0,dcs_paper_style,ok,0.0015956321513463034,-0.0015956321513463034,3.6514837167011076,2.0,4.0,0.0013490133189113219,0.0007623095072713478,43.377717670826016,0.9934566043076472,0.9958916276518313,197321.69638011412,1.0,62.136320806868106,0.9996828205484648,0.9999453259192908,2626.1197559604984,1.0,1023.74,25,3.6514837167011076,2.0,False
k1_magnitude,c0_s2026_k1_p0.0020_noise_00,0,2026,0.002,0.0,0,sequential_paper_matched,ok,0.001521985867918684,-0.001521985867918684,2.581988897471611,1.3333333333333333,3.0,0.0012901859118634985,0.0006431503025520009,46.03130326116247,0.9956549720972511,0.9977699738965088,107106.61187771785,1.0,62.556967127603954,0.9997065655367668,0.9999503725321617,2383.690659901438,1.0,392.41,1,3.6514837167011076,2.0,False
k1_magnitude,c0_s2026_k1_p0.0020_noise_00,0,2026,0.002,0.0,0,sequential_paper_no_prestitch,ok,1.3316127709931801e-05,1.3316127709931801e-05,0.0,0.0,0.0,8.685686436601977e-05,8.685686436601977e-05,74.16574077042154,0.9999659256345919,0.9999965723929529,164.578284270078,1.0,74.16574077042154,0.9999659256345919,0.9999965723929529,164.578284270078,1.0,25.45,1,0.0,0.0,False
k1_magnitude,c0_s2026_k1_p0.0020_noise_10,0,2026,0.002,0.0,10,dcs_paper_style,ok,0.0015956321513463034,-0.0015956321513463034,3.6514837167011076,2.0,4.0,0.0013490133189113219,0.0007623095072713478,43.377717670826016,0.9934566043076472,0.9958916276518313,197321.69638011412,1.0,62.136320806868106,0.9996828205484648,0.9999453259192908,2626.1197559604984,1.0,1096.37,25,3.6514837167011076,2.0,False
k1_magnitude,c0_s2026_k1_p0.0020_noise_10,0,2026,0.002,0.0,10,sequential_paper_matched,ok,0.001521985867918684,-0.001521985867918684,2.581988897471611,1.3333333333333333,3.0,0.0012901859118634985,0.0006431503025520009,46.03130326116247,0.9956549720972511,0.9977699738965088,107106.61187771785,1.0,62.556967127603954,0.9997065655367668,0.9999503725321617,2383.690659901438,1.0,438.91,1,3.6514837167011076,2.0,False
k1_magnitude,c0_s2026_k1_p0.0020_noise_10,0,2026,0.002,0.0,10,sequential_paper_no_prestitch,ok,0.0009980141024472236,0.0009980141024472236,1.8257418583505538,1.0,2.0,0.0009328822725588289,0.0002936796671279358,46.072928547491394,0.9963938643163301,0.9977909184295266,106084.94432201587,0.9984831249812909,65.20741553460225,0.9998448056870077,0.9999730353564307,1294.8070460499653,1.0,29.28,1,7.401201103724839,4.388888888888889,False
k1_magnitude,c0_s2026_k1_p0.0040_noise_00,0,2026,0.004,0.0,0,dcs_paper_style,ok,0.0025227393116956996,-0.0025227393116956996,5.477225575051661,3.0,6.0,0.0020359578344457605,0.0009065439602785229,40.13844190634717,0.9899334267253868,0.9913395304775522,416008.70360462717,1.0,58.33078772812499,0.9993508013458069,0.9998686939568355,6307.653596143324,1.0,1159.93,25,6.2182527020592095,3.3333333333333335,False
k1_magnitude,c0_s2026_k1_p0.0040_noise_00,0,2026,0.004,0.0,0,sequential_paper_matched,ok,0.002968448945256853,-0.002968448945256853,5.477225575051661,3.0,6.0,0.002266824829240785,0.0007127814206520594,40.12098809919672,0.9898974798745712,0.9913050373880035,417683.9599103083,1.0,57.17882138405963,0.9991786285349282,0.999828817211724,8223.647173476462,1.0,441.84,1,6.2182527020592095,3.3333333333333335,False
k1_magnitude,c0_s2026_k1_p0.0040_noise_00,0,2026,0.004,0.0,0,sequential_paper_no_prestitch,ok,9.303528853569012e-06,-9.303528853569012e-06,0.0,0.0,0.0,8.356611376467179e-05,8.356611376467179e-05,73.68186900777134,0.9999620106587807,0.9999961685930724,183.97537920436307,1.0,73.68186900777134,0.9999620106587807,0.9999961685930724,183.97537920436307,1.0,31.68,1,0.0,0.0,False
k1_magnitude,c0_s2026_k1_p0.0040_noise_10,0,2026,0.004,0.0,10,dcs_paper_style,ok,0.002477927828447338,-0.002477927828447338,5.547772325697746,3.0555555555555554,6.0,0.002010243168653274,0.0009858713640486252,40.052239355692656,0.9898526410961956,0.9911663303611661,424348.5005893941,1.0,58.4573454353552,0.9993674663711254,0.9998724645057933,6126.494726142895,1.0,1199.93,25,6.4031242374328485,3.5,False
k1_magnitude,c0_s2026_k1_p0.0040_noise_10,0,2026,0.004,0.0,10,sequential_paper_matched,ok,0.0029566783733459595,-0.0029566783733459595,4.702245326555294,2.611111111111111,5.0,0.002260930702346787,0.000671008737129773,41.33658241038138,0.9913309835340824,0.9934287114266137,315710.0205448396,1.0,57.20761473635121,0.9991833528258871,0.9998299481521741,8169.305436439051,1.0,432.86,1,6.4031242374328485,3.5,False
k1_magnitude,c0_s2026_k1_p0.0040_noise_10,0,2026,0.004,0.0,10,sequential_paper_no_prestitch,ok,0.001004253941160287,0.001004253941160287,1.8257418583505538,1.0,2.0,0.0009155128210368254,0.00028378262213037207,46.07533130990898,0.9963965229408283,0.9977920949524679,106026.26837073806,0.9984831249812909,65.20255392063271,0.999840474584707,0.9999730079640989,1296.2573008694976,1.0,28.75,1,7.401201103724839,4.388888888888889,False
k1_magnitude,c0_s2027_k1_m0.0020_noise_10,0,2027,-0.002,0.0,10,dcs_paper_style,ok,0.0015894494804091306,0.0015894494804091306,3.6514837167011076,2.0,4.0,0.0013544167370754547,0.0007685001387876811,41.60849697196848,0.9921623649176476,0.9938246403591796,296549.30485385796,0.9969674012908692,62.083992156654276,0.9996781045794461,0.9999446475546365,2657.9535797297,1.0,1358.11,25,3.6514837167011076,2.0,False
k1_magnitude,c0_s2027_k1_m0.0020_noise_10,0,2027,-0.002,0.0,10,sequential_paper_matched,ok,0.0015122140323744523,0.0015122140323744523,3.1622776601683795,1.6666666666666667,4.0,0.001292461785110632,0.0007628595001992805,42.5357268581001,0.9933541954116403,0.9950120223133326,239537.72564868713,0.9973461882974387,62.52498020178409,0.9997033526151055,0.9999499921663313,2401.311978951992,1.0,520.21,1,3.6514837167011076,2.0,False
k1_magnitude,c0_s2027_k1_m0.0020_noise_10,0,2027,-0.002,0.0,10,sequential_paper_no_prestitch,ok,0.002721415392559513,0.002721415392559513,4.96655480858378,2.6666666666666665,6.0,0.0022281273423017814,0.0007367516030265938,39.430308826020614,0.9888434135641023,0.9898013600767138,489683.7867530164,0.9958313281032327,57.23294082636848,0.9992597211386451,0.9998308479057433,8121.804378791108,1.0,35.95,1,13.572848714334889,8.0,False
k1_magnitude,c0_s2027_k1_m0.0040_noise_10,0,2027,-0.004,0.0,10,dcs_paper_style,ok,0.0025028329270164523,0.0025028329270164523,5.676462121975467,3.111111111111111,7.0,0.0020577634784708057,0.0011288129137588905,38.55514986876343,0.9871237703128857,0.9875250412921641,599006.618036009,0.9953280537255832,58.23312679563874,0.9993387187042672,0.9998656421418396,6451.102286370677,1.0,1325.93,25,6.782329983125268,3.6666666666666665,False
k1_magnitude,c0_s2027_k1_m0.0040_noise_10,0,2027,-0.004,0.0,10,sequential_paper_matched,ok,0.0029724919919967277,0.0029724919919967277,5.022173057773121,2.7222222222222223,6.0,0.002305559214856251,0.0007614531470950608,39.36651892887394,0.9886918478530193,0.98965031837877,496929.42612034414,0.9958313281032327,57.0182725599268,0.9991529887934232,0.9998222710375039,8533.345927107823,1.0,511.78,1,6.782329983125268,3.6666666666666665,False
k1_magnitude,c0_s2027_k1_m0.0040_noise_10,0,2027,-0.004,0.0,10,sequential_paper_no_prestitch,ok,0.0019038711651122881,0.0019038711651122881,3.6514837167011076,2.0,4.0,0.0016545301570568365,0.0004904284184490918,41.58636048585371,0.9921479373511747,0.9937929939617682,298064.7093685634,0.9969674012908692,60.23749861088287,0.9995598199724789,0.9999153138613726,4066.275000410161,1.0,33.31,1,13.572848714334889,8.0,False
k1_magnitude,c0_s2027_k1_p0.0020_noise_10,0,2027,0.002,0.0,10,dcs_paper_style,ok,0.0015956321513463034,-0.0015956321513463034,3.6514837167011076,2.0,4.0,0.0013490133189113219,0.0007623095072713478,43.377717670826016,0.9934566043076472,0.9958916276518313,197321.69638011412,1.0,62.136320806868106,0.9996828205484648,0.9999453259192908,2626.1197559604984,1.0,1302.29,25,3.6514837167011076,2.0,False
k1_magnitude,c0_s2027_k1_p0.0020_noise_10,0,2027,0.002,0.0,10,sequential_paper_matched,ok,0.001521985867918684,-0.001521985867918684,2.581988897471611,1.3333333333333333,3.0,0.0012901859118634985,0.0006431503025520009,46.03130326116247,0.9956549720972511,0.9977699738965088,107106.61187771785,1.0,62.556967127603954,0.9997065655367668,0.9999503725321617,2383.690659901438,1.0,515.71,1,3.6514837167011076,2.0,False
k1_magnitude,c0_s2027_k1_p0.0020_noise_10,0,2027,0.002,0.0,10,sequential_paper_no_prestitch,ok,0.0022335252000452513,0.0022335252000452513,3.9157800414902435,2.111111111111111,5.0,0.0018247335443955094,0.0006397768959875137,40.93857320289053,0.9914116905312411,0.9927943417160212,346010.50732329645,0.9967175630524937,59.0338476168358,0.9994476332558332,0.9998882704862821,5364.90265071391,1.0,37.28,1,13.572848714334889,8.0,False
k1_magnitude,c0_s2027_k1_p0.0040_noise_10,0,2027,0.004,0.0,10,dcs_paper_style,ok,0.0026327570484619353,-0.0026327570484619353,5.802298395176403,3.1666666666666665,7.0,0.002096296722632483,0.0010971415547759078,39.62636101098685,0.9894134673345291,0.9902561848676561,468069.6762795912,1.0,58.03064349044825,0.9993094609421304,0.9998593000752953,6758.997074780643,1.0,1318.41,25,6.280481227138924,3.388888888888889,False
k1_magnitude,c0_s2027_k1_p0.0040_noise_10,0,2027,0.004,0.0,10,sequential_paper_matched,ok,0.0028572585184370998,-0.0028572585184370998,4.594682917363407,2.5555555555555554,5.0,0.002211330093184136,0.0009095181098175229,41.45531998764575,0.9916670260544771,0.993605675081408,307195.3296636153,1.0,57.453312290840906,0.9992228643507846,0.999839299840246,7719.965836653716,1.0,511.48,1,6.280481227138924,3.388888888888889,False
k1_magnitude,c0_s2027_k1_p0.0040_noise_10,0,2027,0.004,0.0,10,sequential_paper_no_prestitch,ok,0.0020758111841527645,0.0020758111841527645,3.6514837167011076,2.0,4.0,0.001723563104841358,0.0004742066857547169,41.58048342711381,0.9921430483775816,0.9937845119289392,298468.3363268738,0.9969674012908692,59.670165088061474,0.9995079242510236,0.999903494697971,4633.723322725163,1.0,35.48,1,13.572848714334889,8.0,False
k1_magnitude,c1_s2026_k1_m0.0020_noise_00,1,2026,-0.002,0.0,0,dcs_paper_style,ok,0.001627925711095561,0.001627925711095561,3.6514837167011076,2.0,4.0,0.0023037750874319598,0.0013128221153085099,37.31150085416503,0.9888611373517591,0.9878044231233934,797620.8942623159,0.9969674012908692,59.30453799405374,0.9994507368625939,0.9999228068324809,5040.722716451877,1.0,1411.01,25,3.6514837167011076,2.0,False
k1_magnitude,c1_s2026_k1_m0.0020_noise_00,1,2026,-0.002,0.0,0,sequential_paper_matched,ok,0.0015600677163884725,0.0015600677163884725,3.3166247903554,1.8333333333333333,4.0,0.002206485831886381,0.0011980823808473158,38.04944385414415,0.9899038699640567,0.9897079184358463,672980.099653139,0.9973461882974387,59.68301406165841,0.9994859233875586,0.9999292494822241,4620.034316095166,1.0,549.64,1,3.6514837167011076,2.0,False
k1_magnitude,c1_s2026_k1_m0.0020_noise_00,1,2026,-0.002,0.0,0,sequential_paper_no_prestitch,ok,4.790889137138224e-06,-4.790889137138224e-06,0.0,0.0,0.0,0.0001409595487277022,0.0001409595487277022,71.09720228015108,0.9999309477065641,0.9999948911368337,333.60025928632615,1.0,71.09720228015108,0.9999309477065641,0.9999948911368337,333.60025928632615,1.0,36.48,1,0.0,0.0,False
k1_magnitude,c1_s2026_k1_m0.0020_noise_10,1,2026,-0.002,0.0,10,dcs_paper_style,ok,0.001627925711095561,0.001627925711095561,3.6514837167011076,2.0,4.0,0.0023037750874319598,0.0013128221153085099,37.31150085416503,0.9888611373517591,0.9878044231233934,797620.8942623159,0.9969674012908692,59.30453799405374,0.9994507368625939,0.9999228068324809,5040.722716451877,1.0,1442.69,25,3.6514837167011076,2.0,False
k1_magnitude,c1_s2026_k1_m0.0020_noise_10,1,2026,-0.002,0.0,10,sequential_paper_matched,ok,0.0015600677163884725,0.0015600677163884725,3.3166247903554,1.8333333333333333,4.0,0.002206485831886381,0.0011980823808473158,38.04944385414415,0.9899038699640567,0.9897079184358463,672980.099653139,0.9973461882974387,59.68301406165841,0.9994859233875586,0.9999292494822241,4620.034316095166,1.0,578.27,1,3.6514837167011076,2.0,False
k1_magnitude,c1_s2026_k1_m0.0020_noise_10,1,2026,-0.002,0.0,10,sequential_paper_no_prestitch,ok,0.0028916554931101464,-0.0028916554931101464,5.2493385826745405,2.888888888888889,6.0,0.003925694074147668,0.0013556697317671303,38.52244414048392,0.9874479958631747,0.9907434255285577,603534.62875536,1.0,54.44528796023917,0.9987149869228338,0.9997636673326855,15431.843542230217,1.0,37.83,1,11.986103064243467,6.166666666666667,False
k1_magnitude,c1_s2026_k1_m0.0040_noise_00,1,2026,-0.004,0.0,0,dcs_paper_style,ok,0.003207242986832932,0.003207242986832932,6.782329983125268,3.6666666666666665,8.0,0.004253502789173138,0.002079111523681724,33.61273845293721,0.9794594394179196,0.9714548700707849,1869273.1257582847,0.9943176192373141,53.874397448896374,0.998484598579735,0.9997304831262226,17599.764744035976,1.0,1323.78,25,6.782329983125268,3.6666666666666665,False
k1_magnitude,c1_s2026_k1_m0.0040_noise_00,1,2026,-0.004,0.0,0,sequential_paper_matched,ok,0.00310660279547539,0.00310660279547539,5.477225575051661,3.0,6.0,0.004152169143934637,0.0013135143377647138,34.89045929301004,0.9834177210213277,0.9787184322531373,1392838.2288331531,0.9954528289287351,54.116862869339705,0.998553100947836,0.9997451192390822,16644.100159732407,1.0,507.77,1,6.782329983125268,3.6666666666666665,False
k1_magnitude,c1_s2026_k1_m0.0040_noise_00,1,2026,-0.004,0.0,0,sequential_paper_no_prestitch,ok,5.969538270529477e-06,5.969538270529477e-06,0.0,0.0,0.0,0.00013889398701963075,0.00013889398701963075,70.80465291695043,0.999926465889595,0.99999453575138,356.84639675082207,1.0,70.80465291695043,0.999926465889595,0.99999453575138,356.84639675082207,1.0,33.45,1,0.0,0.0,False
k1_magnitude,c1_s2026_k1_m0.0040_noise_10,1,2026,-0.004,0.0,10,dcs_paper_style,ok,0.0030900689336756135,0.0030900689336756135,6.912147117775907,3.7777777777777777,8.0,0.0041358597106032876,0.0024562802384558795,33.56266953517861,0.9791843783914291,0.9711208043172074,1890948.2954492567,0.99432625419947,54.15680671189115,0.998564243777792,0.9997474529490477,16491.719380855942,1.0,1416.77,25,7.187952884282608,3.9444444444444446,False
k1_magnitude,c1_s2026_k1_m0.0040_noise_10,1,2026,-0.004,0.0,10,sequential_paper_matched,ok,0.003000649898723478,0.003000649898723478,5.477225575051661,3.0,6.0,0.004048639481608267,0.0013529451736640809,34.89452018195048,0.9834396465035428,0.9787383809041251,1391536.4582580982,0.9954528289287351,54.37386904927732,0.998623953106713,0.999759766141841,15687.715423884536,1.0,542.58,1,7.187952884282608,3.9444444444444446,False
k1_magnitude,c1_s2026_k1_m0.0040_noise_10,1,2026,-0.004,0.0,10,sequential_paper_no_prestitch,ok,0.0028490851745715303,-0.0028490851745715303,5.477225575051661,3.0,6.0,0.0039746692070772235,0.0013447296882436502,38.20391092441797,0.9870441349108834,0.9900373618396552,649464.6461771637,1.0,54.51365498346854,0.9987179477586701,0.9997673579025923,15190.81620435379,1.0,35.44,1,11.986103064243467,6.166666666666667,False
k1_magnitude,c1_s2026_k1_p0.0020_noise_00,1,2026,0.002,0.0,0,dcs_paper_style,ok,0.0016269836688303772,-0.0016269836688303772,3.6514837167011076,2.0,4.0,0.0022788979015106988,0.001325703216868243,41.47866123620341,0.9910877792519001,0.9953167009576541,305548.7306871426,1.0,59.40382762654302,0.9994629307412984,0.9999245488360264,4926.7876587429855,1.0,1435.85,25,3.6514837167011076,2.0,False
k1_magnitude,c1_s2026_k1_p0.0020_noise_00,1,2026,0.002,0.0,0,sequential_paper_matched,ok,0.0015633738514189111,-0.0015633738514189111,2.7688746209726918,1.5,3.0,0.002188552038033112,0.0010674750607117035,43.6502093693414,0.9931159837512988,0.9971606473879008,185321.4419036688,1.0,59.75919268762268,0.9994953419944493,0.9999304770041095,4539.701931018597,1.0,543.38,1,3.6514837167011076,2.0,False
k1_magnitude,c1_s2026_k1_p0.0020_noise_00,1,2026,0.002,0.0,0,sequential_paper_no_prestitch,ok,2.467151300204057e-06,-2.467151300204057e-06,0.0,0.0,0.0,0.0001409575837094291,0.0001409575837094291,71.25427453402496,0.999933495653097,0.9999950735861781,321.7504434412857,1.0,71.25427453402496,0.999933495653097,0.9999950735861781,321.7504434412857,1.0,37.17,1,0.0,0.0,False
k1_magnitude,c1_s2026_k1_p0.0020_noise_10,1,2026,0.002,0.0,10,dcs_paper_style,ok,0.0016269836688303772,-0.0016269836688303772,3.6514837167011076,2.0,4.0,0.0022788979015106988,0.001325703216868243,41.47866123620341,0.9910877792519001,0.9953167009576541,305548.7306871426,1.0,59.40382762654302,0.9994629307412984,0.9999245488360264,4926.7876587429855,1.0,1525.19,25,3.6514837167011076,2.0,False
k1_magnitude,c1_s2026_k1_p0.0020_noise_10,1,2026,0.002,0.0,10,sequential_paper_matched,ok,0.0015633738514189111,-0.0015633738514189111,2.7688746209726918,1.5,3.0,0.002188552038033112,0.0010674750607117035,43.6502093693414,0.9931159837512988,0.9971606473879008,185321.4419036688,1.0,59.75919268762268,0.9994953419944493,0.9999304770041095,4539.701931018597,1.0,588.28,1,3.6514837167011076,2.0,False
k1_magnitude,c1_s2026_k1_p0.0020_noise_10,1,2026,0.002,0.0,10,sequential_paper_no_prestitch,ok,0.0030311163217093336,-0.0030311163217093336,5.477225575051661,3.0,6.0,0.00413209227931919,0.001204936584330343,38.18066966275873,0.986967049630487,0.989983851505436,652949.5715728177,1.0,54.0338054196438,0.9987096288687252,0.9997401779496061,16965.476641554877,1.0,40.11,1,11.986103064243467,6.166666666666667,False
k1_magnitude,c1_s2026_k1_p0.0040_noise_00,1,2026,0.004,0.0,0,dcs_paper_style,ok,0.0026807483885222493,-0.0026807483885222493,5.9907335852038095,3.2777777777777777,7.0,0.0036607038820342065,0.0020856873243043253,37.51180375537974,0.986001040096007,0.9883133412926557,761668.9155817747,1.0,55.34862701221644,0.9988655210143287,0.9998080487559492,12533.833069802084,1.0,1458.8,25,6.774133810967191,3.7222222222222223,False
k1_magnitude,c1_s2026_k1_p0.0040_noise_00,1,2026,0.004,0.0,0,sequential_paper_matched,ok,0.0026061834333999155,-0.0026061834333999155,4.58257569495584,2.5,5.0,0.003586726238684639,0.0011478877501824472,39.600071196730056,0.988966963139654,0.9927788656412511,470911.7076454657,1.0,55.54871198845569,0.9989108715983425,0.9998166921016601,11969.48345287599,1.0,581.56,1,6.774133810967191,3.7222222222222223,False
k1_magnitude,c1_s2026_k1_p0.0040_noise_00,1,2026,0.004,0.0,0,sequential_paper_no_prestitch,ok,9.999838912113507e-07,9.999838912113507e-07,0.0,0.0,0.0,0.00013471270105368295,0.00013471270105368295,71.03472486215067,0.9999306931183377,0.999994819719448,338.43410469690133,1.0,71.03472486215067,0.9999306931183377,0.999994819719448,338.43410469690133,1.0,39.93,1,0.0,0.0,False
k1_magnitude,c1_s2026_k1_p0.0040_noise_10,1,2026,0.004,0.0,10,dcs_paper_style,ok,0.0026807483885222493,-0.0026807483885222493,5.9907335852038095,3.2777777777777777,7.0,0.0036607038820342065,0.0020856873243043253,37.51180375537974,0.986001040096007,0.9883133412926557,761668.9155817747,1.0,55.34862701221644,0.9988655210143287,0.9998080487559492,12533.833069802084,1.0,1481.52,25,6.774133810967191,3.7222222222222223,False
k1_magnitude,c1_s2026_k1_p0.0040_noise_10,1,2026,0.004,0.0,10,sequential_paper_matched,ok,0.0026061834333999155,-0.0026061834333999155,4.58257569495584,2.5,5.0,0.003586726238684639,0.0011478877501824472,39.600071196730056,0.988966963139654,0.9927788656412511,470911.7076454657,1.0,55.54871198845569,0.9989108715983425,0.9998166921016601,11969.48345287599,1.0,593.22,1,6.774133810967191,3.7222222222222223,False
k1_magnitude,c1_s2026_k1_p0.0040_noise_10,1,2026,0.004,0.0,10,sequential_paper_no_prestitch,ok,0.0028341460768349213,-0.0028341460768349213,4.58257569495584,2.5,5.0,0.003807573386969774,0.0012766407945289215,39.613673742237324,0.988871210162007,0.992801481743766,469439.0716410719,1.0,54.95299624600031,0.9987705967411707,0.9997897400678405,13729.255362734251,1.0,38.71,1,11.986103064243467,6.166666666666667,False
k1_magnitude,c1_s2027_k1_m0.0020_noise_10,1,2027,-0.002,0.0,10,dcs_paper_style,ok,0.001627925711095561,0.001627925711095561,3.6514837167011076,2.0,4.0,0.0023037750874319598,0.0013128221153085099,37.31150085416503,0.9888611373517591,0.9878044231233934,797620.8942623159,0.9969674012908692,59.30453799405374,0.9994507368625939,0.9999228068324809,5040.722716451877,1.0,1691.23,25,3.6514837167011076,2.0,False
k1_magnitude,c1_s2027_k1_m0.0020_noise_10,1,2027,-0.002,0.0,10,sequential_paper_matched,ok,0.0015600677163884725,0.0015600677163884725,3.3166247903554,1.8333333333333333,4.0,0.002206485831886381,0.0011980823808473158,38.04944385414415,0.9899038699640567,0.9897079184358463,672980.099653139,0.9973461882974387,59.68301406165841,0.9994859233875586,0.9999292494822241,4620.034316095166,1.0,656.33,1,3.6514837167011076,2.0,False
k1_magnitude,c1_s2027_k1_m0.0020_noise_10,1,2027,-0.002,0.0,10,sequential_paper_no_prestitch,ok,0.00186427649788683,-0.00186427649788683,3.6514837167011076,2.0,4.0,0.0027477780621377556,0.000936797198478397,41.42875096890826,0.9910931651332002,0.9952625963202769,309080.43203933985,1.0,57.81961191681926,0.9993250405404684,0.9998913370710167,7095.539398552939,1.0,44.96,1,10.290232693622087,5.944444444444445,False
k1_magnitude,c1_s2027_k1_m0.0040_noise_10,1,2027,-0.004,0.0,10,dcs_paper_style,ok,0.003207242986832932,0.003207242986832932,6.782329983125268,3.6666666666666665,8.0,0.004253502789173138,0.002079111523681724,33.61273845293721,0.9794594394179196,0.9714548700707849,1869273.1257582847,0.9943176192373141,53.874397448896374,0.998484598579735,0.9997304831262226,17599.764744035976,1.0,1701.69,25,6.782329983125268,3.6666666666666665,False
k1_magnitude,c1_s2027_k1_m0.0040_noise_10,1,2027,-0.004,0.0,10,sequential_paper_matched,ok,0.00310660279547539,0.00310660279547539,5.477225575051661,3.0,6.0,0.004152169143934637,0.0013135143377647138,34.89045929301004,0.9834177210213277,0.9787184322531373,1392838.2288331531,0.9954528289287351,54.116862869339705,0.998553100947836,0.9997451192390822,16644.100159732407,1.0,645.02,1,6.782329983125268,3.6666666666666665,False
k1_magnitude,c1_s2027_k1_m0.0040_noise_10,1,2027,-0.004,0.0,10,sequential_paper_no_prestitch,ok,0.0018562618533690019,-0.0018562618533690019,3.6514837167011076,2.0,4.0,0.0026874630816733558,0.0009930416026521936,41.436159166694424,0.9911080189578919,0.9952706836374964,308553.65187814564,1.0,57.83155872038533,0.9993138310293882,0.9998916359214718,7076.047433493161,1.0,42.02,1,10.290232693622087,5.944444444444445,False
k1_magnitude,c1_s2027_k1_p0.0020_noise_10,1,2027,0.002,0.0,10,dcs_paper_style,ok,0.0016269836688303772,-0.0016269836688303772,3.6514837167011076,2.0,4.0,0.0022788979015106988,0.001325703216868243,41.47866123620341,0.9910877792519001,0.9953167009576541,305548.7306871426,1.0,59.40382762654302,0.9994629307412984,0.9999245488360264,4926.7876587429855,1.0,1688.4,25,3.6514837167011076,2.0,False
k1_magnitude,c1_s2027_k1_p0.0020_noise_10,1,2027,0.002,0.0,10,sequential_paper_matched,ok,0.0015633738514189111,-0.0015633738514189111,2.7688746209726918,1.5,3.0,0.002188552038033112,0.0010674750607117035,43.6502093693414,0.9931159837512988,0.9971606473879008,185321.4419036688,1.0,59.75919268762268,0.9994953419944493,0.9999304770041095,4539.701931018597,1.0,666.97,1,3.6514837167011076,2.0,False
k1_magnitude,c1_s2027_k1_p0.0020_noise_10,1,2027,0.002,0.0,10,sequential_paper_no_prestitch,ok,0.0017855615189938912,-0.0017855615189938912,3.1622776601683795,1.6666666666666667,4.0,0.002517441840611831,0.001130669844187558,42.52636456178186,0.9923079583496047,0.9963214666534078,240054.66571218253,1.0,58.541542468555406,0.9993788843222889,0.9999079769322429,6008.863806813374,1.0,43.32,1,10.290232693622087,5.944444444444445,False
k1_magnitude,c1_s2027_k1_p0.0040_noise_10,1,2027,0.004,0.0,10,dcs_paper_style,ok,0.0026807483885222493,-0.0026807483885222493,5.9907335852038095,3.2777777777777777,7.0,0.0036607038820342065,0.0020856873243043253,37.51180375537974,0.986001040096007,0.9883133412926557,761668.9155817747,1.0,55.34862701221644,0.9988655210143287,0.9998080487559492,12533.833069802084,1.0,1690.92,25,6.774133810967191,3.7222222222222223,False
k1_magnitude,c1_s2027_k1_p0.0040_noise_10,1,2027,0.004,0.0,10,sequential_paper_matched,ok,0.0026061834333999155,-0.0026061834333999155,4.58257569495584,2.5,5.0,0.003586726238684639,0.0011478877501824472,39.600071196730056,0.988966963139654,0.9927788656412511,470911.7076454657,1.0,55.54871198845569,0.9989108715983425,0.9998166921016601,11969.48345287599,1.0,676.03,1,6.774133810967191,3.7222222222222223,False
k1_magnitude,c1_s2027_k1_p0.0040_noise_10,1,2027,0.004,0.0,10,sequential_paper_no_prestitch,ok,0.0017247904919527744,-0.0017247904919527744,3.0912061651652345,1.6666666666666667,4.0,0.0025357005720700932,0.001322869731174131,42.75747188889668,0.9925163142286834,0.9965122937419784,227614.23462295538,1.0,58.64863756179163,0.9994159185869308,0.9999102220338782,5862.499940985431,1.0,45.74,1,10.290232693622087,5.944444444444445,False
